,Lng,Lat,City,Country,Max Temp (F),Humidity (%),Cloudiness (%),Wind Speed (m/s),Wind Speed (mph)
0,-101.2406327044658,-79.4493284010398,punta arenas,cl,51.8,81.0,40.0,10.29,23.0181126
1,77.09597704895883,22.6094550484513,khategaon,in,75.13,29.0,45.0,4.7,10.513618000000001
2,-83.83838597434948,3.556622129462861,burica,pa,,,,,
3,64.87871619290237,-20.189515773402356,grand river south east,mu,,,,,
4,146.3177001923465,2.9710637942608975,lorengau,pg,84.52,70.0,100.0,7.58,16.9560052
5,-19.80466338341056,4.639986180613032,goderich,sl,,,,,
6,106.67011556275365,-26.802460264704997,carnarvon,au,80.6,69.0,100.0,16.11,36.0371034
7,47.20376166712803,-86.76391671234956,port alfred,za,75.61,77.0,83.0,27.42,61.33689480000001
8,-27.77779811092951,76.10968283590823,illoqqortoormiut,gl,,,,,
9,27.831904583149193,58.975750617494036,gdov,ru,41.05,84.0,92.0,11.14,24.919511600000003
10,65.28694430174606,-88.68726314714432,taolanaro,mg,,,,,
11,-106.20851874569004,70.96728711016695,yellowknife,ca,-13.0,75.0,90.0,6.93,15.5019942
12,-159.52879705180777,-59.77554749562888,mataura,pf,,,,,
13,-51.85360999763493,-0.49974150443282683,mazagao,br,86.0,62.0,90.0,6.93,15.5019942
14,-65.75990786594407,-59.919055118418015,ushuaia,ar,55.4,76.0,75.0,4.85,10.849159
15,-125.06118091611236,-34.56945820440173,rikitea,pf,77.0,81.0,29.0,19.93,44.5822142
16,162.3400198058007,-19.181347569203133,poum,nc,81.97,80.0,84.0,13.09,29.2815446
17,66.90554989524162,-50.51207594443362,saint-philippe,re,80.6,94.0,98.0,17.22,38.5201068
18,65.7762168333267,13.882760401749017,kavaratti,in,83.46,68.0,0.0,9.86,22.056228400000002
20,50.787843041826775,59.366492174344984,nagorsk,ru,36.75,97.0,100.0,11.77,26.3287838
21,-143.79597635869507,35.8660159630653,kahului,us,66.2,88.0,90.0,4.7,10.513618000000001
22,128.2016004465235,63.745214483827475,sangar,ru,-11.97,93.0,100.0,7.18,16.0612292
23,31.462214047380876,-68.21767172718282,port elizabeth,za,71.6,83.0,100.0,18.34,41.025479600000004
25,-0.7701553911258152,-11.782824591890472,jamestown,sh,76.42,66.0,44.0,9.35,20.915389
26,-78.8124318757122,75.92962154856356,qaanaaq,gl,-17.05,44.0,0.0,5.66,12.661080400000001
27,-41.22410891905746,47.41285430296368,torbay,ca,30.0,86.0,90.0,9.46,21.1614524
28,125.70186972165807,72.37279870827483,tiksi,ru,-13.52,63.0,93.0,3.76,8.4108944
30,133.81096366030548,-2.3961446830713107,manokwari,id,73.72,87.0,100.0,4.7,10.513618000000001
32,-65.70628853093584,53.17956182260398,sept-iles,ca,19.4,44.0,20.0,11.41,25.523485400000002
33,107.32454001807896,35.100276446354925,guozhen,cn,52.16,20.0,100.0,9.78,21.8772732
34,-80.63552324328734,71.9423904817981,clyde river,ca,-20.2,68.0,75.0,12.75,28.520985000000003
35,178.41103223625117,82.84849784713451,leningradskiy,ru,11.23,81.0,100.0,14.58,32.6145852
36,-44.98061788067578,-41.24808372664534,chuy,uy,84.2,58.0,60.0,5.28,11.811043200000002
38,37.20159553284994,52.49926530864776,verkhovye,ru,44.35,61.0,46.0,13.89,31.071096600000004
39,-50.31799540693589,88.62817065148062,upernavik,gl,-16.8,89.0,100.0,5.53,12.370278200000001
40,-32.42277112500898,66.67565201604097,tasiilaq,gl,14.0,61.0,75.0,12.75,28.520985000000003
41,17.262627099858907,-27.0325226731972,bethanien,na,85.26,14.0,0.0,18.81,42.0768414
42,-75.07085689352454,0.15419054846241842,puerto leguizamo,co,87.64,59.0,59.0,3.06,6.845036400000001
43,41.76015928205905,63.03703994312483,bereznik,ru,34.84,95.0,100.0,6.67,14.9203898
45,14.370431402021966,-80.30509526302845,bredasdorp,za,69.8,68.0,34.0,13.87,31.0263578
46,168.00806632460697,-81.081339313982,bluff,nz,48.0,91.0,95.0,1.99,4.451510600000001
47,-75.75095022483941,-25.826951291055,taltal,cl,67.73,72.0,3.0,7.52,16.8217888
48,175.59119289245123,-48.86975635420182,dunedin,nz,55.99,74.0,3.0,5.19,11.6097186
49,137.58848157752357,7.710253260488587,airai,pw,,,,,
51,77.2342057203894,74.23010676263576,dikson,ru,-11.27,94.0,55.0,18.52,41.4281288
52,41.07868612546357,-15.329870490636177,mocambique,mz,,,,,
53,21.699519826316592,48.901670010871925,vranov,sk,,,,,
54,78.14606378792537,-52.25578445524306,mahebourg,mu,79.0,94.0,75.0,3.36,7.5161184
55,30.80930291227506,-37.22194654830717,east london,za,73.4,83.0,20.0,13.87,31.0263578
56,178.36771479954382,6.072787842392813,butaritari,ki,81.16,80.0,100.0,9.17,20.512739800000002
57,75.23908158873789,45.430628172773446,balkhash,kz,19.67,77.0,0.0,12.39,27.7156866
58,-55.397296114138264,29.234392432826006,saint george,bm,70.0,68.0,20.0,6.93,15.5019942
59,92.31887380783628,-49.3762690909659,busselton,au,68.0,35.0,95.0,15.12,33.8225328
60,73.75413689780682,18.532845925657572,pimpri,in,70.75,61.0,0.0,10.27,22.9733738
62,-34.5553258079351,37.0672594016472,ribeira grande,pt,64.4,63.0,20.0,6.93,15.5019942
63,65.96397716289697,0.5970017473736045,thinadhoo,mv,83.19,69.0,0.0,11.16,24.9642504
64,-7.612170358018511,76.67333274248932,husavik,is,24.8,62.0,90.0,11.41,25.523485400000002
65,-30.3766886761236,7.016197416216152,sao filipe,cv,77.76,55.0,0.0,15.03,33.6212082
66,115.76990498308753,54.346362944898374,verkh-usugli,ru,12.79,87.0,75.0,6.33,14.159830200000002
67,10.4805184688608,-54.27614667689626,hermanus,za,69.01,70.0,0.0,7.0,15.65858
68,-152.1283073281253,16.298321551881724,hilo,us,68.0,82.0,90.0,4.7,10.513618000000001
69,-159.29224183538383,-20.893534203749663,avarua,ck,77.0,94.0,80.0,2.24,5.010745600000001
70,-176.09064979096837,-20.75783280115123,vaini,to,77.0,100.0,75.0,2.24,5.010745600000001
71,67.48856335534808,20.23182575366492,dwarka,in,74.01,60.0,0.0,16.04,35.8805176
72,-102.36389304076621,17.595979396844687,lazaro cardenas,mx,80.28,59.0,13.0,1.32,2.9527608000000005
74,153.8870656046299,68.9432150170818,srednekolymsk,ru,-22.07,95.0,100.0,12.19,27.2682986
75,-6.475002741466351,6.913786510024378,daloa,ci,99.3,25.0,0.0,2.15,4.809421
79,-168.21057800395465,17.72239928863818,kapaa,us,66.2,93.0,40.0,6.93,15.5019942
80,51.839110431655364,20.83976564469524,abu samrah,qa,,,,,
83,129.79198468490608,-5.890352291151746,amahai,id,83.34,78.0,58.0,6.02,13.4663788
84,48.70130334448832,-13.661797220243066,ambanja,mg,84.2,78.0,75.0,2.24,5.010745600000001
85,40.296520026778346,-36.574414648898134,richards bay,za,78.6,78.0,97.0,11.12,24.8747728
86,163.30474568372338,25.991864277624266,sentyabrskiy,ru,,,,,
88,-68.21197880394661,-7.7593608693105605,pauini,br,92.35,53.0,98.0,1.39,3.1093466
89,-3.569476938382432,75.65898823465051,klaksvik,fo,37.4,64.0,100.0,18.34,41.025479600000004
94,44.34012933938318,-44.73790508351575,tsihombe,mg,,,,,
95,-75.25977751566573,20.6762699207783,sagua de tanamo,cu,79.63,57.0,0.0,3.15,7.046361
96,140.51729966404147,67.42634979232221,deputatskiy,ru,-30.6,95.0,0.0,0.92,2.0579848000000003
97,-91.61850228926806,-28.1980821725492,lebu,cl,70.25,54.0,85.0,6.85,15.323039
98,126.95151306646537,21.807797623982072,hirara,jp,70.34,85.0,89.0,28.5,63.752790000000005
99,97.37714821720719,42.25998608640184,yumen,cn,29.26,48.0,89.0,12.82,28.6775708
100,-22.6181574759877,-6.594408496248483,georgetown,sh,86.0,58.0,20.0,13.87,31.0263578
101,25.673510146861457,20.14574408210147,kutum,sd,83.82,8.0,100.0,16.06,35.9252564
103,103.81612361263886,-70.24014502043491,albany,au,62.6,88.0,90.0,17.22,38.5201068
104,-23.091360508347456,-55.39082492441696,cidreira,br,74.84,85.0,100.0,9.57,21.407515800000002
105,-27.249317961314222,-0.242048042422649,touros,br,78.8,88.0,75.0,6.93,15.5019942
106,131.502799468462,14.252788726954401,san policarpo,ph,79.74,77.0,39.0,11.95,26.731433
107,65.85642972081868,42.09798970196267,nurota,uz,48.2,36.0,0.0,4.7,10.513618000000001
109,-20.949156100005162,59.1980621007883,vestmannaeyjar,is,35.6,75.0,90.0,20.8,46.528352000000005
110,85.94698518017896,58.470342180063426,belyy yar,ru,35.6,47.0,100.0,13.42,30.019734800000002
111,153.82661786778385,52.30431187029024,oktyabrskiy,ru,37.31,98.0,100.0,10.67,23.8681498
117,-9.363292048195259,71.18287988661162,hofn,is,26.6,53.0,100.0,17.22,38.5201068
118,133.985387259494,63.399730354375215,khandyga,ru,-20.25,99.0,100.0,2.3,5.144962
119,98.9457974653529,83.34768920930948,khatanga,ru,-19.34,83.0,100.0,21.63,48.3850122
121,72.99473391046727,47.04464051844207,saryshagan,kz,,,,,
123,-162.11071932983864,46.57975348105633,bethel,us,46.99,70.0,90.0,8.05,18.007367000000002
124,-8.975739083818478,-60.743356041339226,cape town,za,73.99,72.0,24.0,10.29,23.0181126
125,-66.91691302019606,15.457726933331129,guanica,us,,,,,
126,26.9315521341144,72.34180687516653,kjollefjord,no,24.8,85.0,90.0,35.57,79.56795580000001
127,-52.614262984248896,-32.03531548441501,pelotas,br,89.6,52.0,94.0,3.36,7.5161184
128,57.70457873601538,29.39606657947963,bam,ir,65.59,7.0,0.0,7.23,16.1730762
129,-92.15393533601728,74.6974811862984,thompson,ca,5.0,77.0,90.0,12.75,28.520985000000003
131,-106.85220151211566,-55.33110334182951,castro,cl,57.2,100.0,90.0,8.05,18.007367000000002
132,116.11656244258756,61.37212331966132,lensk,ru,17.2,93.0,100.0,13.38,29.930257200000003
133,-124.57078370848342,34.3951801172386,pacific grove,us,54.0,93.0,90.0,11.56,25.8590264
134,24.534599003042533,36.38120682504585,adamas,gr,59.0,72.0,0.0,23.04,51.5390976
138,93.11519135331923,57.03031523564962,bolshaya murta,ru,,,,,
139,-62.483749802140395,-34.00553896581449,venado tuerto,ar,84.54,55.0,2.0,9.13,20.423262200000003
142,-42.45045027248571,-32.99546192913575,laguna,br,92.59,36.0,100.0,3.15,7.046361
143,-174.5386518493404,46.4087748947353,provideniya,ru,27.57,97.0,100.0,26.04,58.2499176
144,96.2630026400374,52.4514207606828,toora-khem,ru,12.18,83.0,97.0,3.02,6.7555588
145,171.17269567830598,42.556018588280345,nikolskoye,ru,42.8,75.0,90.0,15.66,35.0304804
148,-82.97939664111108,27.18797628193975,bayshore gardens,us,81.0,56.0,1.0,3.36,7.5161184
154,112.6982343310561,3.6088145220253276,bintulu,my,78.8,100.0,75.0,3.36,7.5161184
155,29.244434208343307,-87.71436301669789,kruisfontein,za,79.14,58.0,58.0,15.68,35.0752192
157,162.08632658265796,56.28739791633496,ust-kamchatsk,ru,,,,,
158,115.51447683707082,-17.807374321136482,karratha,au,83.75,79.0,0.0,14.72,32.927756800000004
160,146.79567906396878,-59.42767309741696,hobart,au,68.0,52.0,38.0,8.05,18.007367000000002
161,167.4765551174296,-22.901943565503004,vao,nc,80.17,77.0,100.0,8.48,18.969251200000002
162,-0.6742401334578263,-36.68014249264585,luderitz,na,63.73,90.0,0.0,14.79,33.0843426
163,-52.461541912619694,-44.94461947170401,mar del plata,ar,80.6,61.0,0.0,5.82,13.018990800000001
165,43.51651652026016,37.18235521150836,hakkari,tr,33.51,64.0,72.0,2.8,6.263432
171,132.57188304902797,11.07994171653658,meyungs,pw,,,,,
174,87.86818144780074,-18.177431552774436,bengkulu,id,76.62,89.0,100.0,4.52,10.1109688
175,-58.045678833282,24.42110082922725,codrington,ag,,,,,
176,59.89158117274338,78.73692482322619,amderma,ru,,,,,
178,163.65246709429363,48.3557273572223,petropavlovsk-kamchatskiy,ru,24.8,79.0,90.0,2.24,5.010745600000001
179,96.52088262735441,-20.742952589140984,palabuhanratu,id,,,,,
181,-76.97836691888773,-23.822146151021318,antofagasta,cl,72.0,68.0,20.0,10.29,23.0181126
183,80.86121007829885,64.03998118179452,krasnoselkup,ru,13.8,91.0,100.0,17.38,38.8780172
184,122.33732864957719,15.097048609809438,carlagan,ph,77.9,85.0,15.0,6.8,15.211192
186,117.71696967553484,18.275749777618778,puro,ph,78.96,82.0,18.0,12.5,27.961750000000002
187,-148.46308180866188,61.574289600577636,palmer,us,46.0,44.0,90.0,4.7,10.513618000000001
189,-10.575110006453592,59.1088042598206,stornoway,gb,46.0,75.0,20.0,6.93,15.5019942
190,76.6013425576878,37.89945739158015,shache,cn,49.91,19.0,97.0,8.63,19.3047922
191,-105.52142409102028,-0.383286611358602,puerto ayora,ec,80.6,78.0,75.0,6.93,15.5019942
194,121.07167078558427,64.55707920012193,vilyuysk,ru,5.58,95.0,100.0,7.23,16.1730762
195,177.59268767171724,-72.22567625191047,kaitangata,nz,55.99,73.0,0.0,9.1,20.356154
196,-42.98487113416207,2.1923702777961185,cururupu,br,87.66,70.0,51.0,0.51,1.1408394000000002
198,-61.37448945606017,-18.96334948948728,mayor pablo lagerenza,py,100.6,25.0,25.0,6.87,15.3677778
200,32.30595024684526,37.25506488245399,seydisehir,tr,52.47,51.0,100.0,10.11,22.6154634
201,-34.42863210226636,-13.569232003812925,conde,br,78.8,94.0,75.0,3.36,7.5161184
202,-23.71944360127227,41.72066460564897,rabo de peixe,pt,60.8,87.0,75.0,10.29,23.0181126
205,32.399005783350646,35.635644700370825,polis,cy,66.2,68.0,90.0,5.82,13.018990800000001
206,-73.50585683200197,-19.574279998328613,ilo,pe,75.2,78.0,36.0,13.87,31.0263578
207,-35.41040292827762,-36.60334600843764,arraial do cabo,br,82.4,69.0,75.0,13.87,31.0263578
208,7.217907691660463,-21.136061695268214,henties bay,na,64.0,89.0,0.0,7.0,15.65858
209,123.07615220538854,-18.824489710053104,broome,au,86.0,79.0,40.0,8.05,18.007367000000002
210,-60.523595597434145,11.52859582747835,scarborough,tt,86.0,58.0,20.0,14.99,33.5317306
215,43.481701804812126,1.1643103287770518,barawe,so,,,,,
216,-1.0309916364126925,50.926422358911196,waterlooville,gb,50.0,75.0,40.0,20.8,46.528352000000005
217,-10.576108551555441,33.38314495234586,asfi,ma,73.08,43.0,100.0,7.96,17.806042400000003
219,74.17990046979688,-31.896402460992302,bambous virieux,mu,79.0,94.0,75.0,3.36,7.5161184
222,36.61669707473292,-18.036278623898028,quelimane,mz,86.0,70.0,20.0,9.17,20.512739800000002
224,34.583113305443526,66.00368511403211,umba,ru,30.33,97.0,100.0,4.59,10.2675546
227,131.31643379271873,-70.93128325363972,new norfolk,au,68.0,52.0,80.0,8.05,18.007367000000002
233,-31.291187908801476,-4.701790781838255,natal,br,78.8,88.0,75.0,6.93,15.5019942
234,29.413310387907444,61.097858274464,kamennogorsk,ru,37.99,100.0,90.0,8.05,18.007367000000002
240,139.59982388033308,-44.14911139132255,portland,au,68.81,69.0,93.0,14.52,32.4803688
241,87.03298354268496,-1.124693699548518,hambantota,lk,80.6,88.0,20.0,5.82,13.018990800000001
242,84.47881023840098,25.731295269343025,shahpur,in,88.16,26.0,1.0,6.31,14.1150914
243,-148.2146359284564,43.410843000738154,kodiak,us,24.8,53.0,1.0,3.36,7.5161184
244,-136.8962971871887,41.428318457065686,eureka,us,46.99,93.0,90.0,4.7,10.513618000000001
245,-44.05157409495848,8.634278098006408,cayenne,gf,87.8,55.0,75.0,11.41,25.523485400000002
246,151.82624099521743,85.3024696957723,chokurdakh,ru,-29.15,87.0,0.0,3.94,8.813543600000001
247,-59.393817097374814,64.21368814413987,sisimiut,gl,0.54,78.0,0.0,3.62,8.097722800000001
248,164.60240805302584,82.2559271106037,pevek,ru,12.78,94.0,100.0,8.41,18.8126654
249,-102.35725825133746,42.215643646782866,scottsbluff,us,41.0,69.0,90.0,18.34,41.025479600000004
250,-68.80548361475127,-12.539918139422944,puerto maldonado,pe,92.8,51.0,57.0,1.41,3.1540854
253,62.273779631047944,-30.99119573676694,souillac,mu,79.0,94.0,75.0,3.36,7.5161184
254,-14.898352393393633,2.229840285862006,robertsport,lr,82.94,79.0,19.0,7.25,16.217815
255,131.33040568323494,-10.127398327536474,nguiu,au,,,,,
256,51.1297834111456,-10.694063413006283,ambilobe,mg,80.1,91.0,100.0,4.21,9.417517400000001
258,16.882455679707743,-12.876585652906291,kuito,ao,72.64,80.0,67.0,5.73,12.817666200000001
259,168.99812705705958,-5.564836080987479,lata,sb,,,,,
260,30.360353601852385,-18.706951401857896,kadoma,zw,81.07,54.0,87.0,2.66,5.9502604
261,19.134943961351624,-31.47700876179297,calvinia,za,84.13,14.0,10.0,16.26,36.372644400000006
264,30.789405325966413,56.000957697913414,usvyaty,ru,43.03,78.0,100.0,14.7,32.883018
265,126.99903145105804,28.4529278018543,nago,jp,66.2,72.0,90.0,11.41,25.523485400000002
266,10.139661377769338,8.971350180667503,wukari,ng,100.69,6.0,100.0,7.34,16.4191396
267,105.38940249773725,25.021773018827233,xingyi,cn,62.47,43.0,2.0,6.6,14.763804
268,4.000051284956463,86.61482691683207,barentsburg,sj,,,,,
270,-1.3253824174459083,45.531235511821954,royan,fr,57.2,62.0,90.0,11.41,25.523485400000002
271,-87.01286145336194,27.587092224003097,warrington,us,73.99,78.0,75.0,8.05,18.007367000000002
273,78.76262423888238,68.46632601959409,tazovskiy,ru,2.82,87.0,99.0,19.71,44.0900874
274,62.72024358240576,62.93616570795842,agirish,ru,37.49,88.0,66.0,14.12,31.5855928
275,161.77431124679956,58.123484585517204,ossora,ru,20.34,82.0,90.0,14.61,32.6816934
278,105.08763055774548,21.33421427533998,viet tri,vn,73.4,88.0,75.0,8.05,18.007367000000002
279,-128.35099931764296,83.56247839528123,tuktoyaktuk,ca,-34.6,65.0,5.0,8.05,18.007367000000002
280,-26.119733230226892,25.91667334417337,los llanos de aridane,es,73.99,64.0,20.0,13.87,31.0263578
281,102.40409289722614,63.9515799312827,tura,ru,-5.21,72.0,0.0,7.56,16.9112664
282,-78.78607083506517,-50.019226342566455,coihaique,cl,53.6,93.0,90.0,4.7,10.513618000000001
285,-14.199607469186603,12.403125540297887,gabu,gw,107.78,4.0,0.0,7.4,16.553356
286,-62.66041186580304,-22.93690302333874,doctor pedro p. pena,py,,,,,
288,-62.317056137147816,23.288712469060247,the valley,ai,84.2,65.0,40.0,14.99,33.5317306
289,36.70952395307323,59.672530296859605,kaduy,ru,41.0,80.0,75.0,11.18,25.008989200000002
290,14.49815699994641,86.65245433106476,longyearbyen,sj,-9.4,69.0,75.0,10.29,23.0181126
291,163.19872997001025,-47.85548034249048,tuatapere,nz,48.0,91.0,69.0,1.99,4.451510600000001
292,114.31214578189419,7.973228460906223,kota kinabalu,my,81.0,88.0,20.0,4.7,10.513618000000001
293,84.89443119178685,19.296363842893495,gopalpur,in,79.03,84.0,30.0,5.03,11.251808200000001
296,-70.44600599273619,22.769261735275016,cockburn town,tc,78.8,69.0,40.0,4.7,10.513618000000001
297,-122.89816844613793,73.71481858138108,norman wells,ca,-31.0,66.0,40.0,2.24,5.010745600000001
298,-114.67742506945129,31.641549820479764,estacion coahuila,mx,62.6,100.0,90.0,8.05,18.007367000000002
303,156.4948701157794,-17.740974090286286,yeppoon,au,75.2,69.0,90.0,11.41,25.523485400000002
305,112.45687616996423,-8.421146524198464,gondanglegi,id,75.2,91.0,99.0,4.94,11.050483600000002
308,123.53121550411427,37.0689762310089,yatou,cn,41.9,81.0,100.0,19.28,43.12820320000001
309,47.74953349800695,1.4670453101795822,mogadishu,so,82.62,81.0,100.0,27.74,62.0527156
310,-59.416493013055096,-0.26310420179566085,urucara,br,90.01,55.0,100.0,4.68,10.4688792
312,-81.88795886208906,40.98077965907837,medina,us,52.0,81.0,90.0,5.82,13.018990800000001
317,-101.78733247138356,58.32007749536011,flin flon,ca,12.2,78.0,90.0,19.46,43.53085240000001
319,28.222770391036867,63.21635312977806,siilinjarvi,fi,33.8,100.0,90.0,6.93,15.5019942
320,37.2384467917932,29.65063319526736,bayir,jo,,,,,
321,-87.21416234422165,66.63861107566994,attawapiskat,ca,,,,,
323,34.45209583208986,80.19972725851416,vardo,no,26.6,92.0,90.0,27.51,61.53821940000001
324,-67.0658044743524,-14.200251249756802,santa rosa,bo,86.0,74.0,75.0,3.0,6.71082
329,149.52203468656043,-39.87809629668171,lakes entrance,au,59.0,85.0,0.0,8.48,18.969251200000002
333,135.2660404992831,61.716971572507695,dzhebariki-khaya,ru,-18.53,99.0,100.0,3.2,7.158208000000001
337,-25.281751653998953,58.59757214255333,grindavik,is,30.2,68.0,75.0,10.29,23.0181126
338,-164.97397262549788,-6.6319550985632585,samusu,ws,,,,,
339,-171.03162326321643,-14.507079600381656,satitoa,ws,,,,,
342,125.46112052654796,38.64903689023878,dandong,cn,32.34,45.0,100.0,8.52,19.0587288
343,12.96193396811487,-34.610978783271406,saldanha,za,70.14,62.0,0.0,9.78,21.8772732
344,-112.02229147012605,26.25921966003374,mulege,mx,67.5,90.0,100.0,6.4,14.316416000000002
346,140.99010268010775,59.7285267637868,okhotsk,ru,6.82,71.0,100.0,12.37,27.6709478
351,7.1802891254479695,40.51550618154726,alghero,it,62.6,72.0,88.0,6.93,15.5019942
353,90.73673764288858,48.57098486443524,mugur-aksy,ru,2.64,54.0,0.0,5.93,13.2650542
355,83.35201051457355,17.88720914726879,bhimunipatnam,in,82.4,78.0,20.0,6.93,15.5019942
359,-45.595886515050154,15.175349935439398,sinnamary,gf,79.68,71.0,23.0,11.45,25.612963
363,-88.79605998253041,56.68317220086493,geraldton,ca,33.8,93.0,90.0,6.93,15.5019942
364,-1.6703208850457951,63.295420395452965,brae,gb,44.6,70.0,20.0,11.41,25.523485400000002
365,-5.452208375675016,48.721540303713304,plouzane,fr,51.01,53.0,75.0,17.22,38.5201068
367,177.82554642835933,-24.14690729416963,isangel,vu,78.28,82.0,52.0,5.75,12.862405
371,123.46743690777282,28.89082015342267,shenjiamen,cn,53.87,96.0,100.0,14.03,31.3842682
373,-174.5212868641757,-13.333190419270014,liku,wf,,,,,
374,32.59843869726986,68.47732963413638,murmashi,ru,32.0,95.0,75.0,3.24,7.247685600000001
375,-88.01131996032875,-22.109694584974637,pisco,pe,80.01,30.0,49.0,8.05,18.007367000000002
376,117.05460195362416,73.29710143275717,saskylakh,ru,-5.26,94.0,100.0,18.16,40.622830400000005
378,-94.09212072245047,-19.012525059871756,huarmey,pe,80.71,50.0,42.0,7.02,15.7033188
379,-125.98519613811763,22.27592159281332,san quintin,mx,60.76,89.0,88.0,5.64,12.6163416
380,73.80370579171311,41.03867082907661,ozgon,kg,,,,,
381,-13.134199699360604,13.984803577197303,tambacounda,sn,105.8,3.0,0.0,11.41,25.523485400000002
382,-137.17116523760504,34.339725077855974,fortuna,us,46.99,100.0,90.0,1.77,3.9593838000000003
383,137.8688385832371,74.46044611467015,nizhneyansk,ru,,,,,
391,-64.50442265703357,-30.259798865387754,villa carlos paz,ar,82.0,73.0,80.0,6.93,15.5019942
392,57.734721918748754,37.015143245989144,esfarayen,ir,57.2,10.0,100.0,2.24,5.010745600000001
393,97.3210344277138,17.799101681960693,kyaikto,mm,72.79,52.0,0.0,3.18,7.113469200000001
395,122.66617833458697,52.960388714002804,urusha,ru,-16.06,84.0,0.0,3.11,6.956883400000001
396,20.34090689756429,54.46679362361048,ladushkin,ru,46.4,61.0,40.0,29.08,65.0502152
397,151.32530543783037,55.83257698514953,ola,ru,-0.17,86.0,100.0,12.26,27.4248844
399,-66.56817326919573,-19.98054853536627,uyuni,bo,58.82,44.0,2.0,1.92,4.2949248
400,-14.646141623640485,57.247365009631515,westport,ie,46.0,75.0,40.0,26.4,59.055216
401,-80.77655628747729,24.190337903571802,marathon,us,39.2,100.0,90.0,8.05,18.007367000000002
402,-153.87352022131014,89.03244988390749,barrow,us,-18.4,75.0,1.0,13.87,31.0263578
404,-98.4653503602663,43.18761757901971,mitchell,us,42.8,81.0,90.0,19.46,43.53085240000001
405,-157.01546562471194,-6.492573555805858,faanui,pf,82.87,72.0,100.0,13.13,29.371022200000002
406,-82.82929594958135,37.205114217059155,bloomingdale,us,78.01,69.0,1.0,3.09,6.9121446
407,23.626656424162483,40.34280254591639,ormilia,gr,70.0,42.0,15.0,6.93,15.5019942
409,74.21728713322476,2.1946783012686377,hithadhoo,mv,83.79,69.0,0.0,11.05,24.718187000000004
414,1.7642216696213797,9.217517940501175,bassila,bj,106.75,12.0,100.0,1.92,4.2949248
419,-132.73679133465572,7.841615877012719,atuona,pf,81.64,75.0,4.0,11.23,25.120836200000003
421,-146.43573258337474,69.42109929604744,fairbanks,us,-5.8,75.0,40.0,1.52,3.4001488
422,7.084755265679732,5.8591733741845005,uga,ng,91.27,53.0,100.0,4.12,9.216192800000002
423,95.55206959282134,17.240798442377503,yandoon,mm,,,,,
426,-89.06610144994812,-10.294814681099274,san cristobal,ec,80.6,83.0,40.0,6.93,15.5019942
428,45.42289339465129,50.82735066165719,kamenskiy,ru,45.79,73.0,72.0,12.12,27.1117128
433,51.182045309476564,88.30699096488371,belushya guba,ru,,,,,
434,-54.04254074514263,-5.698155367319213,sao felix do xingu,br,73.69,95.0,100.0,1.61,3.6014734000000006
437,-50.93502872329139,-1.09776812362945,breves,br,83.79,86.0,100.0,1.05,2.348787
442,36.93441997692288,49.32549109745782,savyntsi,ua,51.12,47.0,0.0,10.98,24.561601200000002
443,23.649279902042352,45.976940326646265,ciugud,ro,66.2,39.0,0.0,4.7,10.513618000000001
444,131.54293277815,-47.896475078993056,mount gambier,au,69.8,68.0,84.0,10.29,23.0181126
446,98.94199474044665,43.52412841761241,hovd,mn,12.69,52.0,0.0,1.66,3.7133204
447,-106.059294720361,49.694839688827585,assiniboia,ca,24.6,63.0,47.0,18.43,41.226804200000004
451,-128.59967195660556,58.68127509354694,smithers,ca,15.8,92.0,20.0,2.24,5.010745600000001
452,75.02124599041034,67.95009263447162,pangody,ru,24.55,95.0,100.0,16.17,36.171319800000006
453,176.09562114408723,64.35501174625419,anadyr,ru,32.0,90.0,75.0,42.5,95.06995
456,75.60572936367656,42.47988525272205,kemin,kg,30.96,75.0,0.0,1.3,2.9080220000000003
470,42.65942819479693,42.213803559128436,tskaltubo,ge,51.8,87.0,75.0,9.17,20.512739800000002
473,-19.029492513938685,35.54646188788181,ponta do sol,pt,64.0,66.0,40.0,5.99,13.399270600000001
475,39.732135541290894,-22.715175573092672,toliary,mg,,,,,
479,127.23876123340368,51.82502801216818,shimanovsk,ru,-2.69,83.0,57.0,13.85,30.981619000000002
480,84.54712102626874,8.966506800694251,batticaloa,lk,72.84,87.0,9.0,2.46,5.5028724
483,129.8539373829471,18.47747094027904,payo,ph,,,,,
486,27.6812062833107,6.502095357450144,tambura,sd,,,,,
490,18.01001621328688,-13.886187954259677,menongue,ao,73.72,82.0,95.0,3.38,7.5608572
494,92.93943947622465,68.7810112829027,talnakh,ru,-14.8,83.0,40.0,6.71,15.009867400000001
496,-25.730856651236532,-21.050108154615355,caravelas,br,79.3,74.0,100.0,3.24,7.247685600000001
506,-165.54665425701805,-0.31669989435846313,samalaeulu,ws,,,,,
507,139.79061550552035,35.328117017289365,futtsu,jp,55.99,81.0,20.0,6.93,15.5019942
511,-81.93581300995328,-2.469357232201508,salinas,ec,82.4,74.0,75.0,6.93,15.5019942
513,-52.65578432604099,-28.595288197762315,nao-me-toque,br,,,,,
516,141.28338698475955,-43.67931884996777,burnie,au,63.0,83.0,1.0,5.01,11.2070694
517,-108.49313220302889,30.263131629918615,casas grandes,mx,54.43,83.0,100.0,2.73,6.106846200000001
518,7.8499379443413675,67.23017170583874,sistranda,no,36.0,96.0,75.0,26.4,59.055216
519,10.10757707953358,18.877581947930842,arlit,ne,86.07,8.0,100.0,11.01,24.6287094
523,139.3320801260272,21.717536247403235,naze,jp,57.2,93.0,75.0,3.36,7.5161184
524,52.99596812306409,42.9645740988042,zhanaozen,kz,53.65,55.0,36.0,2.51,5.6147194
525,-155.16092295171907,-31.615006898738006,avera,pf,,,,,
526,63.32412101443647,5.681597847173913,ugoofaaru,mv,83.55,70.0,0.0,11.74,26.261675600000004
527,148.7182625196539,-5.420651639798102,kandrian,pg,77.18,88.0,100.0,11.05,24.718187000000004
529,2.345422110488582,6.2703095714433665,cotonou,bj,89.6,70.0,20.0,11.41,25.523485400000002
531,79.99747108966366,29.842638027624336,bageshwar,in,44.33,74.0,100.0,7.45,16.665203
533,106.63647998654311,28.33700969691334,tongzi,cn,62.91,52.0,0.0,6.87,15.3677778
534,-26.08412590848581,64.53470923960015,olafsvik,is,27.01,74.0,73.0,17.47,39.0793418
538,119.59875373477276,16.378271596589833,catuday,ph,82.09,78.0,8.0,5.23,11.699196200000001
543,166.12112353725018,-34.015939615107314,ahipara,nz,64.42,82.0,0.0,14.25,31.876395000000002
546,-106.21822021621871,59.237254236473404,la ronge,ca,8.6,71.0,90.0,18.34,41.025479600000004
547,99.79486651964982,39.6246135407918,zhangye,cn,30.45,64.0,100.0,10.04,22.4588776
548,-54.22529916006844,-11.121862639962432,alta floresta,br,82.15,78.0,96.0,3.87,8.6569578
552,88.4416516351045,-7.559102452633216,padang,id,69.49,96.0,100.0,3.24,7.247685600000001
555,95.30814247277289,27.310490974966218,duliagaon,in,67.64,66.0,24.0,1.66,3.7133204
556,-50.571537119128585,-11.97435443560525,formoso do araguaia,br,,,,,
558,-111.5460624720939,34.11922635615573,payson,us,48.2,93.0,1.0,1.83,4.0936002
559,124.94382236194792,15.623173012562052,pandan,ph,79.86,78.0,3.0,12.57,28.118335800000004
562,27.13255752847472,-20.109840331117134,kalakamati,bw,89.6,33.0,40.0,10.29,23.0181126
568,145.38305813067439,52.868064570925085,nogliki,ru,12.15,85.0,94.0,6.46,14.450632400000002
569,100.65877167115522,56.38444784002029,vikhorevka,ru,24.8,79.0,100.0,8.95,20.020613
570,179.2564959460907,-3.9755941084759328,lolua,tv,,,,,
572,116.25946820231634,33.8503878974579,bozhou,cn,54.82,64.0,49.0,2.77,6.1963238
574,-106.92271931869124,-41.15404021257253,ancud,cl,57.2,100.0,90.0,8.05,18.007367000000002
575,-38.6409128969305,-2.7581125222802205,paracuru,br,84.2,74.0,75.0,6.93,15.5019942
577,68.5138506077332,14.36346105392442,malwan,in,,,,,
578,94.35445795996095,32.68368677629153,lasa,cn,,,,,
582,-35.302316352741144,-10.562448573335226,coruripe,br,84.54,68.0,63.0,12.01,26.865649400000002
583,-79.92779572646475,65.7990163029712,iqaluit,ca,-11.0,69.0,40.0,3.44,7.695073600000001
585,-59.83970568933019,5.271620308291213,ituni,gy,,,,,
592,-2.241711306336369,-3.2102961116985074,axim,gh,87.28,69.0,98.0,7.78,17.4033932
600,-66.98182850236432,76.16173749388612,narsaq,gl,26.6,38.0,5.0,3.36,7.5161184
602,54.044842682280006,-14.471799819661324,antalaha,mg,83.01,79.0,100.0,25.61,57.2880334
608,-110.06841879878012,53.63964016048543,lloydminster,ca,14.0,72.0,20.0,10.29,23.0181126
609,59.421140710463696,10.067409045264187,bargal,so,,,,,
610,68.54641254212758,72.09477431938373,aksarka,ru,32.99,98.0,100.0,10.09,22.570724600000002
612,-85.14833478273425,-7.454639895846105,paita,pe,62.6,100.0,40.0,16.11,36.0371034
614,-50.08640622664595,-21.17602180311198,buritama,br,84.87,61.0,0.0,7.38,16.5086172
616,176.55770091189095,0.8851309890107184,rungata,ki,,,,,
626,33.779673900693005,6.209180649425927,kapoeta,sd,,,,,
629,136.7261664540989,1.4469185358516379,biak,id,81.93,73.0,14.0,4.59,10.2675546
634,-34.33943377160309,-22.9532241102378,vila velha,br,82.4,83.0,75.0,9.17,20.512739800000002
648,22.746692607390063,76.33361752749649,havoysund,no,24.8,85.0,90.0,35.57,79.56795580000001
649,123.91383790636132,-5.0595293761064974,katobu,id,77.61,90.0,98.0,1.23,2.7514362
654,-38.3918145277663,-23.463898189487843,sao joao da barra,br,82.4,65.0,75.0,2.24,5.010745600000001
656,-81.08616527189993,18.92789979390489,bodden town,ky,82.4,69.0,20.0,12.75,28.520985000000003
657,-61.16911079439016,69.65530077457488,pangnirtung,ca,-14.8,62.0,20.0,1.23,2.7514362
659,-101.64934093004034,39.028732068869644,garden city,us,45.0,87.0,90.0,9.17,20.512739800000002
660,18.17746863130698,36.730691283722564,siderno,it,64.4,36.0,5.0,5.82,13.018990800000001
664,35.58353904231508,-39.31060699869209,umzimvubu,za,,,,,
670,139.85197959603803,23.847339870330885,shingu,jp,50.59,66.0,66.0,11.39,25.478746600000004
672,124.57594448372357,12.541305919852952,bobon,ph,73.72,90.0,39.0,6.51,14.5624794
675,179.51153288041615,-45.16439091560722,waipawa,nz,55.4,82.0,75.0,9.17,20.512739800000002
678,1.090160962818576,60.9929304068996,lerwick,gb,44.6,75.0,40.0,19.46,43.53085240000001
680,21.995088239238235,24.667105289671408,jalu,ly,66.33,30.0,0.0,24.83,55.5432202
681,126.33592113175528,49.770840775424695,heihe,cn,8.6,39.0,40.0,17.9,40.041226
683,106.53814140216824,-12.96475540483133,kawalu,id,72.41,92.0,97.0,1.14,2.5501116
685,58.3550202248792,68.8745127044352,usinsk,ru,34.39,99.0,100.0,14.23,31.831656200000005
686,130.6804380091769,46.97023664092009,jiamusi,cn,10.8,74.0,0.0,14.92,33.3751448
688,-119.98077828237264,42.59713173663041,altamont,us,30.0,85.0,1.0,2.24,5.010745600000001
689,-12.156991064640366,37.52387961874069,cascais,pt,71.6,68.0,20.0,24.16,54.0444704
695,-82.85899402282494,8.45733248621885,progreso,pa,87.8,52.0,20.0,8.05,18.007367000000002
697,-26.005835134554367,49.50047701074,lagoa,pt,58.66,66.0,0.0,10.71,23.957627400000003
702,-7.686497734976472,63.770773738950496,vestmanna,fo,37.4,64.0,100.0,18.34,41.025479600000004
704,51.30037826952536,-2.6904806536951598,victoria,sc,84.2,70.0,20.0,8.05,18.007367000000002
707,-103.4246946805963,45.354782947614915,belle fourche,us,32.0,79.0,100.0,16.11,36.0371034
710,109.47901478360656,28.125234182664695,jishou,cn,54.95,87.0,0.0,1.54,3.4448876000000004
712,-108.64931071728283,29.089972450068668,madera,mx,49.6,91.0,100.0,3.53,7.8963982
713,166.08845067833704,-45.10920668119381,te anau,nz,46.56,92.0,53.0,1.19,2.6619586
719,-25.78237843210729,-9.295288367632072,olinda,br,82.4,83.0,40.0,8.05,18.007367000000002
722,12.494764651762669,20.33390963891072,bilma,ne,75.79,15.0,0.0,19.8,44.291412
724,24.739107018755767,-53.92729180055886,plettenberg bay,za,71.19,81.0,49.0,12.53,28.028858200000002
725,33.036426556634105,-0.4629252425502606,entebbe,ug,77.0,73.0,20.0,6.93,15.5019942
728,70.33998239472592,59.66122428752584,gornopravdinsk,ru,35.96,94.0,100.0,13.02,29.1249588
732,172.53849782519478,-38.9956501093129,okato,nz,52.0,64.0,2.0,8.99,20.110090600000003
737,-18.219103196305664,42.83648940076067,vila franca do campo,pt,60.8,87.0,75.0,10.29,23.0181126
738,-164.94213916102552,64.1841886737599,nome,us,26.6,86.0,90.0,11.41,25.523485400000002
742,-140.95074652126382,45.3057192433803,sitka,us,30.2,80.0,75.0,4.7,10.513618000000001
746,-127.983442259564,24.916575680017228,lompoc,us,55.99,93.0,90.0,2.77,6.1963238
747,127.78840610225248,9.539285053799807,bacolod,ph,74.05,74.0,0.0,5.17,11.564979800000001
748,166.5920707965926,30.86184350465385,severo-kurilsk,ru,17.67,86.0,92.0,32.79,73.3492626
750,-92.92955984401922,50.742746265456326,dryden,ca,26.6,92.0,90.0,6.93,15.5019942
753,139.7209997360767,-13.43727880718002,nhulunbuy,au,82.4,83.0,100.0,9.17,20.512739800000002
754,30.1245875304722,62.192726629021145,joensuu,fi,36.0,100.0,90.0,5.82,13.018990800000001
757,25.018486370302085,-18.684003066069877,kachikau,bw,,,,,
763,-65.99960611203623,-23.746204220322987,jujuy,ar,,,,,
768,49.06523559190183,-16.898403037951127,vohibinany,mg,74.21,82.0,41.0,3.42,7.6503348
771,-172.645786206116,-13.750321924678111,siutu,ws,,,,,
774,15.403643461161987,65.93081076235329,storforshei,no,32.0,89.0,75.0,3.36,7.5161184
775,-40.43621505374524,-49.88198023466904,rocha,uy,82.71,61.0,100.0,6.17,13.8019198
777,171.3091680361143,59.831478626231025,tilichiki,ru,26.33,95.0,100.0,33.31,74.51247140000001
780,1.796586345063389,-1.584563374651271,port-gentil,ga,89.6,66.0,40.0,6.93,15.5019942
784,111.85015611057388,65.0355193784306,aykhal,ru,-0.4,70.0,90.0,13.42,30.019734800000002
785,8.952836020142518,-2.324855642731327,omboue,ga,90.32,56.0,72.0,7.65,17.112591000000002
786,107.7319126797591,62.86582048394448,yerbogachen,ru,15.98,75.0,95.0,17.58,39.3254052
788,87.84328744385148,20.091443432324173,paradwip,in,,,,,
789,150.6555914346379,19.952921359017704,katsuura,jp,53.6,81.0,20.0,6.93,15.5019942
791,26.9831526881126,2.290093257549819,isiro,cd,75.36,83.0,88.0,2.35,5.2568090000000005
793,8.211655779291792,55.09593993857155,westerland,de,44.01,70.0,40.0,27.51,61.53821940000001
794,124.2362563985391,-10.37792434617012,soe,id,75.42,90.0,100.0,3.65,8.164831
795,-116.41302286031274,46.813412118749,moscow,us,35.01,79.0,1.0,0.76,1.7000744
800,149.91823055288097,51.917860749765666,vostok,ru,12.72,91.0,100.0,14.5,32.43563
802,-53.326530907541446,-23.622870099175984,umuarama,br,85.62,60.0,3.0,9.62,21.5193628
806,-4.78197300049521,33.415923343178214,fez,ma,82.4,18.0,40.0,11.41,25.523485400000002
813,125.32281757119928,-13.932807172422967,kununurra,au,78.8,78.0,0.0,1.12,2.5053728000000004
816,-79.48580401225647,51.356843071171575,moose factory,ca,17.6,72.0,1.0,6.93,15.5019942
824,123.88095616195297,-35.15414650048717,esperance,au,62.6,88.0,90.0,5.82,13.018990800000001
827,144.79787975281909,70.41822473651096,belaya gora,ru,-30.51,100.0,19.0,3.0,6.71082
832,118.53033003524519,45.615364732907715,chifeng,cn,20.5,29.0,0.0,13.35,29.863149
833,25.558594800211832,12.31759413917678,umm kaddadah,sd,95.31,7.0,0.0,9.08,20.311415200000003
834,-36.24490252826611,-3.401163641916438,macau,br,84.94,69.0,4.0,11.61,25.970873400000002
840,74.58541325055961,60.073886927707065,lokosovo,ru,34.48,94.0,100.0,10.13,22.660202200000004
845,117.42422193858799,56.1816426772339,chara,ru,-9.8,71.0,100.0,4.9,10.961006000000001
846,-128.27924611018022,54.637954882618104,terrace,ca,30.0,100.0,90.0,3.36,7.5161184
847,-80.82094203770941,42.26084503681958,ashtabula,us,51.01,87.0,90.0,4.7,10.513618000000001
849,-101.208501790718,32.32567825174236,big spring,us,70.0,77.0,1.0,4.7,10.513618000000001
852,11.67650894486516,36.659082507244044,manzil tamim,tn,,,,,
854,137.01704205567867,-20.557589132898702,mount isa,au,77.0,73.0,90.0,2.24,5.010745600000001
861,10.413283424481401,-15.930937807699962,namibe,ao,76.53,81.0,3.0,8.46,18.924512400000005
864,46.61844518198268,3.70792387237191,mahadday weyne,so,,,,,
868,117.08158942694442,51.575300308052896,baley,ru,4.46,96.0,64.0,6.76,15.1217144
869,145.66229916237404,-15.193489307616959,cairns,au,80.6,78.0,40.0,5.82,13.018990800000001
871,124.5617376600319,24.652052150481286,ishigaki,jp,73.81,87.0,99.0,26.55,59.39075700000001
872,44.34362030014467,-45.59974253191302,margate,za,77.83,80.0,63.0,14.09,31.5184846
874,-97.86953594957247,52.918326477529156,gimli,ca,32.0,89.0,96.0,8.99,20.110090600000003
879,67.58923271690394,18.45406555717345,mangrol,in,74.86,61.0,0.0,16.28,36.4173832
886,-68.85283918518242,28.43921792124847,hamilton,bm,70.0,68.0,20.0,6.93,15.5019942
888,117.27455758204736,-9.360132640664975,sumbawa,id,,,,,
897,-14.854707988172677,43.83076576856889,muros,es,55.99,87.0,75.0,16.11,36.0371034
900,14.987394674037668,-15.702655832721636,ondjiva,ao,86.45,36.0,99.0,2.68,5.9949992000000005
903,-60.39752403257843,-15.779541194993152,san ignacio,bo,,,,,
904,58.079022431354566,12.786249588694865,salalah,om,78.8,61.0,20.0,6.93,15.5019942
912,32.57479054019512,81.0932254263124,berlevag,no,24.8,92.0,90.0,27.51,61.53821940000001
913,-29.626991661474467,-14.030374999626162,maceio,br,78.8,88.0,75.0,12.75,28.520985000000003
915,-10.125992524435823,0.7267736405369707,harper,lr,83.77,79.0,96.0,6.35,14.204569
917,164.2800542202446,-15.914058827466116,luganville,vu,78.8,94.0,75.0,2.24,5.010745600000001
920,119.06120383674865,12.939280919813411,buluang,ph,73.15,95.0,69.0,5.7,12.750558000000002
922,31.950467062941023,50.23092403097805,yahotyn,ua,55.4,58.0,20.0,15.66,35.0304804
924,-107.55976727130533,44.49954115602387,worland,us,33.01,86.0,90.0,11.41,25.523485400000002
925,80.3614077961482,2.631294772845383,matara,lk,77.16,84.0,0.0,5.66,12.661080400000001
929,83.83391771161912,23.582950291040127,ramanuj ganj,in,76.14,53.0,39.0,4.97,11.1175918
931,67.79798206515662,17.839251154300285,veraval,in,68.31,61.0,0.0,8.99,20.110090600000003
932,32.25152376401421,-23.12745774067697,phalaborwa,za,83.66,53.0,53.0,6.4,14.316416000000002
933,8.658683945617195,60.38970936483196,al,no,28.99,67.0,60.0,4.0,8.94776
936,-58.176117988643725,44.34917805496747,louisbourg,ca,,,,,
945,81.38801591094433,22.13332448521247,pandaria,in,81.95,47.0,26.0,4.32,9.663580800000002
946,158.87172858765223,-15.882508978464848,kirakira,sb,77.7,90.0,100.0,12.73,28.476246200000002
947,96.74897298190801,59.55384962102478,boguchany,ru,26.64,91.0,100.0,10.0,22.369400000000002
951,-176.8781757279256,79.77491174766779,mys shmidta,ru,,,,,
952,55.26351764840947,55.6963308013977,burayevo,ru,35.91,99.0,100.0,15.59,34.8738946
953,75.02213728783518,31.2101720050982,makhu,in,57.87,56.0,0.0,3.47,7.762181800000001
955,130.09084762687635,-20.918028087304474,yulara,au,80.6,21.0,0.0,6.93,15.5019942
961,132.73584615587598,34.56941836416073,hiroshima,jp,48.2,66.0,75.0,4.7,10.513618000000001
963,0.3185701104698069,26.47410201937338,adrar,dz,84.76,8.0,33.0,4.74,10.603095600000001
965,-4.629866864865639,36.667860068448434,cartama,es,75.2,29.0,100.0,9.17,20.512739800000002
966,113.04180290661512,59.40693661270805,peleduy,ru,21.72,93.0,100.0,12.91,28.8788954
968,84.98689861134781,55.754832013663325,yurga,ru,27.23,94.0,100.0,12.84,28.722309600000003
969,120.61489094340246,64.49963983725512,verkhnevilyuysk,ru,8.58,94.0,100.0,7.16,16.016490400000002
982,-5.529488179790842,5.696257673130923,lakota,ci,91.85,50.0,82.0,4.59,10.2675546
983,-119.79139341575338,6.564651156939005,cabo san lucas,mx,75.99,64.0,40.0,8.05,18.007367000000002
984,8.655223767436325,59.77932502953433,rjukan,no,44.6,45.0,40.0,9.17,20.512739800000002
992,131.23918344023912,-21.169013818273864,alice springs,au,77.0,44.0,0.0,4.7,10.513618000000001
995,34.86952500880223,75.03974897120506,skalistyy,ru,,,,,
996,24.219327602779718,1.4531869863773084,basoko,cd,74.8,97.0,100.0,3.4,7.605596
998,-11.800536341973489,36.695363307788256,aljezur,pt,63.0,86.0,49.0,13.02,29.1249588
1001,95.23599108881126,45.02627787882273,hami,cn,33.39,32.0,0.0,4.32,9.663580800000002
1002,179.9803999842964,61.67301237564201,beringovskiy,ru,32.5,96.0,100.0,44.2,98.87274800000002
1005,18.139271302329618,68.99930748192567,setermoen,no,28.4,86.0,75.0,13.87,31.0263578
1007,158.87564826743704,4.11209313186256,namatanai,pg,83.39,77.0,99.0,13.82,30.914510800000002
1011,29.96821480225751,-0.48468568787519706,bushenyi,ug,74.59,73.0,100.0,3.87,8.6569578
1018,18.715367838430417,6.563021381571222,dekoa,cf,,,,,
1020,64.8305639955068,46.44547627620933,dzhusaly,kz,,,,,
1023,159.24744887151567,27.638334105181073,hasaki,jp,48.2,81.0,75.0,2.24,5.010745600000001
1026,-74.44524147347539,7.069669231739817,remedios,co,78.04,73.0,73.0,3.89,8.7016966
1027,118.92695423414656,27.417656838472848,zhicheng,cn,57.0,85.0,93.0,2.57,5.7489358
1029,-120.9528856685258,31.895147153981217,isla vista,us,55.99,87.0,40.0,3.0,6.71082
1030,143.51736960482836,-14.385833130440794,mareeba,au,80.6,78.0,40.0,5.82,13.018990800000001
1037,-37.24064679935584,4.8353572444648885,itarema,br,87.8,74.0,75.0,2.24,5.010745600000001
1038,-18.458801546601023,49.765973099717606,dingle,ie,46.4,70.0,40.0,12.75,28.520985000000003
1040,105.94763442698596,-5.372103614423407,cilegon,id,77.0,88.0,75.0,4.7,10.513618000000001
1041,-11.128480075194801,45.0754359002277,carballo,es,55.99,71.0,75.0,10.29,23.0181126
1043,42.52031588861522,51.141251077102204,peski,ru,50.0,43.0,68.0,13.42,30.019734800000002
1045,82.17832249106938,13.182090830583537,kattivakkam,in,82.99,69.0,20.0,9.17,20.512739800000002
1050,23.71746859454802,-11.90391089841254,mwinilunga,zm,72.32,91.0,100.0,3.15,7.046361
1057,31.991453455530362,-12.160565369067832,mpika,zm,72.28,82.0,98.0,6.71,15.009867400000001
1058,93.73851127475457,2.6098037062851076,meulaboh,id,84.43,79.0,100.0,11.43,25.5682242
1060,-80.66947181889678,33.4979358130303,orangeburg,us,73.99,68.0,90.0,4.18,9.3504092
1064,-77.82695993282758,8.561739758099762,meteti,pa,86.67,54.0,17.0,7.56,16.9112664
1080,112.61996992017684,19.5581496656119,qiongshan,cn,77.0,83.0,0.0,8.95,20.020613
1081,-57.24142673711346,-28.686552322557425,itaqui,br,97.3,28.0,39.0,10.07,22.5259858
1083,32.70678479180689,-31.53222012557445,scottsburgh,za,,,,,
1089,-74.21482055482342,-33.83451750606348,constitucion,cl,67.69,57.0,30.0,6.2,13.869028000000002
1090,-52.441175229997825,20.41041239436415,saint-francois,gp,82.4,65.0,75.0,14.99,33.5317306
1093,-53.8918668358904,3.782056100865494,grand-santi,gf,93.78,37.0,4.0,3.78,8.4556332
1096,144.04435879751423,48.878283278859804,poronaysk,ru,17.38,87.0,6.0,7.63,17.0678522
1097,25.752481659154537,47.23949766661287,brosteni,ro,61.0,62.0,92.0,7.47,16.7099418
1106,-78.95685598065808,15.928555967116187,black river,jm,82.0,74.0,40.0,14.99,33.5317306
1108,-91.17285065395956,28.53398876610299,houma,us,73.99,88.0,40.0,3.36,7.5161184
1109,-39.25418630766326,49.93594319803517,nanortalik,gl,25.81,74.0,0.0,13.04,29.1696976
1110,-131.15174382719428,66.56749324117895,inuvik,ca,-31.0,73.0,5.0,5.64,12.6163416
1114,-71.24520035500434,-5.381566268920757,benjamin constant,br,86.0,78.0,40.0,2.24,5.010745600000001
1116,-72.29451458938046,36.54926829267319,atlantic city,us,51.8,76.0,90.0,11.41,25.523485400000002
1120,-29.594699363890587,68.37158228319541,bolungarvik,is,,,,,
1124,102.43819115327256,59.52534652352382,vanavara,ru,18.75,87.0,35.0,9.35,20.915389
1125,-1.6300467204559466,6.4187272180217025,bekwai,gh,97.29,38.0,80.0,1.05,2.348787
1126,-65.59181672311189,13.377145593013918,la asuncion,ve,71.6,83.0,24.0,18.34,41.025479600000004
1128,25.832762487838078,-19.453953142916713,nata,bw,89.44,34.0,56.0,5.59,12.504494600000001
1131,37.43343714870522,76.88685180188239,tumannyy,ru,,,,,
1136,156.66125923670225,61.349618558693244,omsukchan,ru,-10.16,98.0,100.0,9.53,21.3180382
1137,-135.38588253495146,58.62775747863155,juneau,us,21.99,85.0,20.0,6.17,13.8019198
1138,-84.34548652865374,24.27215118280549,bahia honda,cu,76.71,69.0,2.0,9.64,21.564101600000004
1141,26.979602475763787,-17.741706625276453,maamba,zm,77.61,78.0,87.0,5.26,11.766304400000001
1143,-67.53635844097326,-35.0901259283012,san rafael,ar,80.4,44.0,0.0,8.52,19.0587288
1146,123.74377748280325,64.8027795652127,kysyl-syr,ru,3.7,96.0,100.0,7.16,16.016490400000002
1151,98.70706836719914,14.184747956787113,dawei,mm,81.5,67.0,0.0,7.7,17.224438000000003
1153,52.80334754098808,36.53268725909587,babol,ir,62.6,72.0,0.0,4.7,10.513618000000001
1155,7.818028993144854,37.8393645427826,tabarqah,tn,,,,,
1156,-112.43143382579395,56.83260817471124,athabasca,ca,16.72,93.0,99.0,7.78,17.4033932
1158,14.937689842134638,-17.978761722466718,ongandjera,na,89.17,27.0,96.0,9.84,22.0114896
1160,-62.00142732223761,43.9930849659352,antigonish,ca,32.0,63.0,90.0,10.29,23.0181126
1163,0.3154355167436451,53.99462218615897,bridlington,gb,50.0,61.0,0.0,26.4,59.055216
1165,-175.943629497137,68.02848858372786,egvekinot,ru,26.91,97.0,100.0,23.94,53.55234360000001
1166,121.50497515197497,54.80799818436587,yerofey pavlovich,ru,-16.02,86.0,0.0,3.44,7.695073600000001
1168,-95.99759938599492,17.722640351110343,ayotzintepec,mx,72.41,57.0,0.0,2.15,4.809421
1169,9.40918582251642,44.22210290186644,sestri levante,it,55.99,93.0,90.0,19.46,43.53085240000001
1171,84.088426567811,71.58535314155328,karaul,ru,,,,,
1173,-148.8356468985691,-20.536806734249723,teahupoo,pf,78.8,83.0,100.0,4.7,10.513618000000001
1180,-50.77547593111018,66.69797726867436,qasigiannguit,gl,6.8,71.0,75.0,3.36,7.5161184
1181,171.89812152460505,-0.22266184883341644,tabiauea,ki,,,,,
1184,-1.2477318363344203,-4.1237391388280304,takoradi,gh,87.28,69.0,98.0,7.78,17.4033932
1187,14.696628811952571,-15.55289092106823,lubango,ao,72.34,64.0,89.0,5.39,12.057106600000001
1190,-96.33289516253825,30.87788055863837,bryan,us,73.4,83.0,90.0,9.17,20.512739800000002
1193,103.89273136938162,22.39156622588868,lao cai,vn,71.22,74.0,18.0,1.36,3.0422384000000005
1197,36.44468480344483,46.23045515957816,novyy svit,ua,52.81,35.0,0.0,9.4,21.027236000000002
1199,113.0818344440834,15.432791645389853,qui nhon,vn,70.86,94.0,0.0,0.83,1.8566602
1201,-1.2758960235667471,34.551475300204245,wahran,dz,,,,,
1208,-147.52319556403955,74.01117464437831,college,us,-5.8,75.0,40.0,1.39,3.1093466
1210,-62.007075771266514,53.58791071712415,havre-saint-pierre,ca,23.0,38.0,1.0,3.36,7.5161184
1216,68.6734626881712,48.26499372481193,zhezkazgan,kz,17.89,77.0,0.0,2.98,6.666081200000001
1217,1.7566614218446075,32.35032863734876,aflu,dz,,,,,
1219,-89.28178243162654,53.771376868465396,sioux lookout,ca,30.2,92.0,90.0,5.82,13.018990800000001
1227,33.39070953617676,46.09444442530643,kalanchak,ua,54.0,43.0,0.0,10.07,22.5259858
1230,89.23510068972863,29.368388988879047,gasa,bt,18.52,94.0,73.0,0.56,1.2526864000000002
1234,-69.81701218608238,-40.2086793664285,san carlos de bariloche,ar,66.2,45.0,20.0,13.87,31.0263578
1238,104.64074814308167,56.451004585265075,khrebtovaya,ru,20.19,94.0,100.0,12.24,27.380145600000002
1239,58.14873721427769,58.2040559618939,skalnyy,ru,,,,,
1243,100.6479967341811,1.7236058572809188,dumai,id,76.75,90.0,15.0,1.95,4.362033
1248,128.84109116534412,12.266673568381458,sulangan,ph,81.32,74.0,30.0,14.29,31.9658726
1250,89.76359022049888,5.432193098084559,banda aceh,id,75.06,94.0,100.0,3.67,8.2095698
1251,69.80581531437286,49.898308656195965,astana,kz,19.4,85.0,0.0,6.71,15.009867400000001
1253,-56.28671277522144,42.33279149842956,saint-pierre,pm,30.2,80.0,75.0,10.29,23.0181126
1254,108.19044235141784,40.12402484435215,haibowan,cn,,,,,
1255,-68.93220134224714,5.897126393162022,puerto ayacucho,ve,97.2,41.0,37.0,0.65,1.4540110000000002
1258,103.37206518133965,4.093448855961479,cukai,my,78.8,88.0,20.0,2.24,5.010745600000001
1262,93.85411127766388,58.12030106117364,kazachinskoye,ru,25.84,93.0,100.0,8.59,19.2153146
1265,51.378359370888326,1.0128147541931698,hobyo,so,80.91,72.0,84.0,19.82,44.336150800000006
1268,33.53149336242376,20.207582436966398,barbar,sd,,,,,
1270,150.9104598105202,-25.393082887697418,biloela,au,66.47,78.0,0.0,18.01,40.287289400000006
1275,9.795418679279466,11.106802342621302,azare,ng,90.55,6.0,0.0,13.04,29.1696976
1281,41.42493942887795,28.865483075285216,sakakah,sa,84.2,9.0,40.0,9.17,20.512739800000002
1284,39.50954319467217,31.400202696131363,turayf,sa,66.2,59.0,90.0,18.34,41.025479600000004
1286,-45.17460897295935,73.64271465063287,ilulissat,gl,6.8,71.0,75.0,3.36,7.5161184
1292,119.09778101617941,-1.054690970879224,palu,id,67.06,94.0,22.0,3.33,7.449010200000001
1296,67.09660177625653,3.967882254866517,mahibadhoo,mv,83.39,73.0,23.0,12.21,27.313037400000002
1297,105.30368760393041,8.115540405592425,ca mau,vn,76.5,90.0,0.0,4.27,9.5517338
1300,40.28338217605143,53.140177726545964,pervomayskiy,ru,42.85,68.0,52.0,11.7,26.172198
1303,36.003031207622115,-23.53756477780329,inhambane,mz,79.97,76.0,0.0,13.87,31.0263578
1304,-58.66337011034168,1.2718622084674114,bonfim,br,95.25,35.0,85.0,3.56,7.963506400000001
1306,1.7763566499721106,65.80956519324478,raudeberg,no,42.8,81.0,40.0,11.41,25.523485400000002
1307,127.7692027941305,4.360612232995931,sarangani,ph,82.62,77.0,33.0,23.69,52.99310860000001
1308,-48.29422972369062,-16.811679896870046,orizona,br,77.85,77.0,49.0,7.61,17.023113400000003
1315,15.78289325778206,38.90148584776013,amantea,it,60.8,72.0,40.0,13.87,31.0263578
1317,20.862243133599524,-19.525001475101057,nokaneng,bw,87.04,40.0,80.0,5.93,13.2650542
1319,104.05482380754695,38.06520774678558,wuwei,cn,27.81,79.0,100.0,4.94,11.050483600000002
1322,41.96754091762009,75.03917874373413,ostrovnoy,ru,24.49,91.0,100.0,1.36,3.0422384000000005
1323,80.39404467119657,47.54015303487512,ayagoz,kz,11.19,73.0,0.0,7.25,16.217815
1327,-117.56378583939615,40.442295306435916,winnemucca,us,28.4,63.0,1.0,4.92,11.0057448
1335,-63.079038604263474,-11.910360429015343,presidente medici,br,86.27,73.0,40.0,2.75,6.151585000000001
1340,87.27023460862486,50.01987848995294,aktash,ru,9.39,72.0,0.0,6.46,14.450632400000002
1355,163.89740156501318,86.5962102923152,cherskiy,ru,-3.19,94.0,100.0,7.47,16.7099418
1356,-169.28898192179048,-22.15802733899079,alofi,nu,77.0,94.0,100.0,4.7,10.513618000000001
1357,152.16860373085302,-5.634390662271393,kokopo,pg,83.8,76.0,100.0,17.76,39.728054400000005
1358,-65.88574183570324,13.395455249197108,kralendijk,an,,,,,
1364,14.57957457871184,36.34914184145851,qala,mt,64.4,63.0,20.0,11.41,25.523485400000002
1372,65.36669236405739,57.68581808859997,tavda,ru,36.52,86.0,100.0,14.12,31.5855928
1373,-33.0901507488663,6.528209622638903,trairi,br,88.18,59.0,59.0,4.5,10.066230000000001
1376,26.346793186696104,-28.643601724389388,brandfort,za,73.4,60.0,20.0,14.99,33.5317306
1386,-71.32324719507407,-9.272949960343702,tarauaca,br,92.53,51.0,10.0,0.29,0.6487126
1390,39.509722953756274,13.649854033095632,abiy adi,et,,,,,
1391,-103.73875815778395,37.20918581102007,trinidad,us,53.6,27.0,1.0,18.34,41.025479600000004
1397,-111.18962958076293,32.19984710249818,drexel heights,us,64.0,93.0,90.0,4.7,10.513618000000001
1398,2.306761525263812,21.813558929121857,tessalit,ml,90.79,5.0,0.0,16.2,36.238428
1400,-44.876703954348685,-14.779436790816114,itacarambi,br,73.74,93.0,99.0,0.87,1.9461378
1402,-13.557299525289213,15.909395964343187,thilogne,sn,,,,,
1405,115.47590843562097,11.073469363812071,ransang,ph,79.27,78.0,13.0,4.7,10.513618000000001
1406,12.088956874452816,34.52498944238328,jabinyanah,tn,68.0,52.0,0.0,10.29,23.0181126
1407,47.05461312900272,63.52256939416351,blagoyevo,ru,34.18,100.0,100.0,8.5,19.01399
1410,-74.84677402258954,32.19973761097338,havelock,us,73.0,60.0,1.0,3.36,7.5161184
1411,143.38651665695247,21.117460330478664,shimoda,jp,46.0,76.0,0.0,1.01,2.2593094000000002
1412,15.206434748221431,-24.63772394821786,maltahohe,na,84.92,16.0,0.0,23.33,52.1878102
1413,-93.35968945112926,6.669430848954738,san jose,gt,80.46,62.0,0.0,1.63,3.6462122
1414,-88.56986526580862,49.30350512465596,thunder bay,ca,37.0,86.0,90.0,2.24,5.010745600000001
1415,-75.98070120119556,-6.11333047065078,yurimaguas,pe,86.0,66.0,78.0,0.98,2.1922012
1418,113.27755488163722,55.27870668638036,severomuysk,ru,-0.49,97.0,100.0,3.4,7.605596
1422,1.7704476259380098,11.094419801408117,banikoara,bj,103.23,4.0,18.0,7.05,15.770427000000002
1428,-67.16147304981077,-16.66085085584257,quime,bo,64.0,58.0,51.0,2.26,5.0554844
1429,40.58067348044545,11.874661278351207,dubti,et,86.27,29.0,100.0,24.96,55.83402240000001
1430,9.680721299184402,40.94026033867605,olbia,it,62.22,63.0,100.0,2.86,6.3976484000000005
1432,-167.86573426578403,-4.375518003038503,saleaula,ws,,,,,
1438,122.52338038331516,-11.300142326341245,kupang,id,75.2,100.0,20.0,1.12,2.5053728000000004
1440,103.15986056198916,0.39414836622506666,pontian kecil,my,82.4,88.0,20.0,2.24,5.010745600000001
1446,-65.78404128957717,47.411203751406205,bathurst,ca,21.2,44.0,1.0,8.05,18.007367000000002
1448,54.49595293672578,52.914735898634234,aleksandrovka,ru,55.0,37.0,0.0,11.18,25.008989200000002
1451,130.49657812511552,7.071109072264258,kloulklubed,pw,80.6,78.0,75.0,8.05,18.007367000000002
1453,113.00933820577764,65.55568427872177,udachnyy,ru,-0.4,70.0,90.0,13.42,30.019734800000002
1458,105.15829980573741,-6.988814550989053,labuhan,id,77.79,84.0,40.0,2.89,6.4647566
1461,21.0061722689008,30.894879069116598,ajdabiya,ly,60.17,69.0,40.0,28.05,62.74616700000001
1467,-70.61223807319253,-34.05012791425549,graneros,cl,73.4,46.0,0.0,8.05,18.007367000000002
1473,113.60873233442261,19.403936454391214,zhuhai,cn,75.0,100.0,75.0,12.75,28.520985000000003
1474,-54.4801471161592,58.35468931634921,paamiut,gl,14.74,85.0,22.0,5.66,12.661080400000001
1475,-57.24700918936709,-12.931455883267995,nortelandia,br,80.82,87.0,100.0,4.61,10.312293400000001
1477,168.99826972033546,61.54493097919228,kamenskoye,ru,,,,,
1480,-10.071352778312303,39.51006013360453,peniche,pt,72.0,68.0,20.0,18.34,41.025479600000004
1482,16.691731302085277,40.415191378923964,bernalda,it,75.0,68.0,5.0,4.7,10.513618000000001
1484,128.91913065922574,-31.091734777040735,flinders,au,60.01,100.0,14.0,10.85,24.270799
1485,-42.475181955783526,-2.823621574401214,tutoia,br,87.8,74.0,40.0,4.7,10.513618000000001
1486,70.5329185320387,62.86337821095472,cheuskiny,ru,,,,,
1487,-3.696827710710915,46.34960800363713,ploemeur,fr,53.01,66.0,75.0,19.46,43.53085240000001
1490,155.82086489032886,-23.74022640430563,hervey bay,au,72.0,82.0,40.0,9.17,20.512739800000002
