,Lng,Lat,City,Country,Temperature (F),Humidity (%),Cloudiness (%),Wind Speed (m/s),Wind Speed (mph)
0,-101.2406327044658,69.6746816216378,thompson,ca,-20.2,75.0,5.0,0.74,1.6553356000000001
1,77.09597704895883,-0.6379480117833736,viligili,mv,,,,,
2,-83.83838597434948,1.8243261277563816,muisne,ec,76.48,92.0,66.0,1.97,4.4067718000000005
3,64.87871619290237,-40.02061951822235,saint-philippe,re,81.93,62.0,35.0,3.36,7.5161184
4,146.3177001923465,16.573991957855526,airai,pw,,,,,
5,-19.80466338341056,-40.900788056896594,arraial do cabo,br,75.76,85.0,0.0,10.8,24.158952000000003
6,106.67011556275365,-53.28598575937096,albany,au,73.4,56.0,20.0,12.75,28.520985000000003
7,47.20376166712803,-86.93670467321017,port alfred,za,68.0,98.0,87.0,3.0,6.71082
8,-27.77779811092951,-73.76159778201978,ushuaia,ar,44.6,81.0,75.0,20.8,46.528352000000005
9,27.831904583149193,-7.403062002917082,manono,cd,71.98,95.0,91.0,0.81,1.8119214000000003
10,65.28694430174606,-31.003537885633257,mahebourg,mu,77.9,94.0,75.0,16.11,36.0371034
11,-106.20851874569004,25.473237000401994,santa catarina de tepehuanes,mx,51.64,81.0,100.0,3.06,6.845036400000001
12,-159.52879705180777,-56.47797384930888,mataura,pf,,,,,
13,-51.85360999763493,-6.381530522730383,sao felix do xingu,br,71.08,98.0,100.0,5.68,12.7058192
15,-125.06118091611236,46.24626380501605,astoria,us,35.29,93.0,1.0,3.36,7.5161184
16,162.3400198058007,34.3367313440856,severo-kurilsk,ru,25.36,84.0,100.0,11.32,25.322160800000002
17,66.90554989524162,0.8783307109223037,thinadhoo,mv,83.32,78.0,69.0,12.59,28.1630746
19,38.68681899691373,-44.64089121581327,east london,za,69.8,94.0,20.0,2.24,5.010745600000001
20,50.787843041826775,43.870942074222455,aktau,kz,48.2,29.0,0.0,17.9,40.041226
21,-143.79597635869507,65.1602397429622,fairbanks,us,3.22,84.0,90.0,6.93,15.5019942
22,128.2016004465235,-68.99688957919355,new norfolk,au,64.42,55.0,20.0,17.22,38.5201068
23,31.462214047380876,-5.234698625881318,kaliua,tz,68.56,89.0,100.0,2.42,5.4133948
25,-0.7701553911258152,48.00965335376139,laval,fr,51.8,93.0,90.0,12.75,28.520985000000003
26,-78.8124318757122,51.220438216221986,moose factory,ca,10.4,85.0,90.0,4.7,10.513618000000001
27,-41.22410891905746,16.69535476808838,ponta do sol,cv,66.2,88.0,20.0,8.05,18.007367000000002
28,125.70186972165807,11.074292491417703,guiuan,ph,80.62,71.0,35.0,12.01,26.865649400000002
30,133.81096366030548,44.61755034486431,yakovlevka,ru,31.84,86.0,100.0,5.3,11.855782
31,135.1681138971465,-16.704679264421852,ngukurr,au,,,,,
32,-65.70628853093584,-22.035634650005875,villazon,bo,49.48,78.0,2.0,5.66,12.661080400000001
33,107.32454001807896,-25.82010127598201,carnarvon,au,84.2,70.0,0.0,10.29,23.0181126
34,-80.63552324328734,-34.90850609304119,lebu,cl,50.56,79.0,45.0,3.31,7.404271400000001
35,178.41103223625117,-81.44064261668207,kaitangata,nz,51.84,85.0,100.0,5.99,13.399270600000001
36,-44.98061788067578,29.164061627625426,ribeira grande,pt,58.48,86.0,100.0,16.35,36.573969000000005
37,-122.3517146752986,-82.17292412958959,punta arenas,cl,44.31,70.0,75.0,4.7,10.513618000000001
38,37.20159553284994,52.32037407154083,kolpny,ru,48.4,81.0,99.0,8.43,18.8574042
39,-50.31799540693589,29.074368607138844,saint george,bm,60.8,63.0,75.0,4.7,10.513618000000001
40,-32.42277112500898,0.936220892374684,touros,br,75.2,94.0,20.0,4.7,10.513618000000001
41,17.262627099858907,26.219246800764783,sabha,ly,50.74,24.0,0.0,3.18,7.113469200000001
42,-75.07085689352454,34.38676883431279,havelock,us,57.96,72.0,20.0,8.05,18.007367000000002
43,41.76015928205905,50.32399836709055,nekhayevskiy,ru,44.01,82.0,97.0,4.0,8.94776
44,-98.11028174013984,-52.15154029638478,castro,cl,48.04,83.0,32.0,2.82,6.3081708
45,14.370431402021966,70.35884240703264,stokmarknes,no,32.72,80.0,75.0,6.93,15.5019942
46,168.00806632460697,40.455588978270875,nikolskoye,ru,35.37,88.0,40.0,4.47,9.9991218
48,175.59119289245123,64.42054558267206,anadyr,ru,-7.35,83.0,66.0,2.24,5.010745600000001
50,-137.0756405253823,44.88179511024944,port hardy,ca,39.2,64.0,90.0,8.05,18.007367000000002
51,77.2342057203894,34.90290765718643,leh,in,15.64,29.0,94.0,1.52,3.4001488
52,41.07868612546357,-41.248344959764175,margate,za,77.74,78.0,65.0,9.26,20.7140644
53,21.699519826316592,-28.14335638761072,upington,za,73.4,49.0,66.0,3.36,7.5161184
54,78.14606378792537,54.09522117570892,karasuk,ru,19.6,87.0,69.0,9.08,20.311415200000003
55,30.80930291227506,-34.46610067112357,umzimvubu,za,,,,,
56,178.36771479954382,27.06637334128511,butaritari,ki,83.86,80.0,100.0,19.35,43.284789
57,75.23908158873789,-1.3737897964537615,hithadhoo,mv,83.86,78.0,23.0,13.09,29.2815446
58,-55.397296114138264,51.686032590669825,saint anthony,ca,,,,,
59,92.31887380783628,-10.618290426544608,bengkulu,id,88.0,58.0,100.0,8.08,18.074475200000002
60,73.75413689780682,-55.832084475257425,souillac,mu,77.9,94.0,75.0,16.11,36.0371034
64,-7.612170358018511,-1.7462912553980914,harper,lr,77.92,94.0,100.0,2.51,5.6147194
67,10.4805184688608,30.255014862066265,nalut,ly,47.32,36.0,49.0,10.98,24.561601200000002
68,-152.1283073281253,16.76574668121188,hilo,us,62.6,83.0,90.0,8.14,18.2086916
70,-176.09064979096837,75.4552299052601,mys shmidta,ru,,,,,
73,-126.65691903699764,-36.14397334261855,rikitea,pf,78.82,84.0,3.0,11.99,26.8209106
74,153.8870656046299,85.47226409034691,chokurdakh,ru,-27.38,94.0,64.0,4.45,9.954383000000002
75,-6.475002741466351,4.897709339639733,san-pedro,ci,82.96,81.0,96.0,13.15,29.415761000000003
77,-103.9351181577285,84.95469202039139,yellowknife,ca,2.08,71.0,40.0,11.41,25.523485400000002
79,-168.21057800395465,-46.19983017958404,vaini,to,77.0,94.0,90.0,4.7,10.513618000000001
81,-172.59877762789924,20.712469714438974,kapaa,us,70.61,69.0,90.0,7.05,15.770427000000002
82,-33.72090386963653,-24.822965755353387,vila velha,br,75.09,94.0,75.0,3.36,7.5161184
83,129.79198468490608,72.40193920842589,tiksi,ru,-26.48,83.0,63.0,2.71,6.0621074
84,48.70130334448832,19.754771597336084,najran,sa,62.6,29.0,82.0,6.4,14.316416000000002
86,163.30474568372338,-22.587304486479674,voh,nc,83.32,75.0,0.0,10.22,22.861526800000004
88,-68.21197880394661,36.58248934469038,nantucket,us,46.94,70.0,1.0,9.17,20.512739800000002
89,-3.569476938382432,-76.97039575917817,hermanus,za,66.11,84.0,94.0,5.99,13.399270600000001
90,88.58312075371092,44.02854209302488,urumqi,cn,32.0,31.0,0.0,2.24,5.010745600000001
91,-89.1669876267211,78.13385392746733,qaanaaq,gl,-29.36,65.0,0.0,5.08,11.3636552
92,-85.86431246917398,59.548890508089706,attawapiskat,ca,,,,,
93,41.463365703082225,68.00147923020012,ostrovnoy,ru,34.36,85.0,85.0,29.53,66.0568382
94,44.34012933938318,-44.98833218086042,tsihombe,mg,,,,,
96,140.51729966404147,33.54830088812827,tateyama,jp,59.97,100.0,75.0,5.82,13.018990800000001
97,-91.61850228926806,52.65184380196521,sioux lookout,ca,5.72,70.0,5.0,4.43,9.9096442
98,126.95151306646537,42.414649058265475,wangou,cn,29.86,84.0,100.0,11.01,24.6287094
99,97.37714821720719,33.93954936901212,xining,cn,38.5,20.0,79.0,4.47,9.9991218
100,-22.6181574759877,20.141691088025716,santa maria,cv,66.2,93.0,20.0,9.17,20.512739800000002
101,25.673510146861457,-57.532737424129635,kruisfontein,za,64.24,88.0,97.0,7.74,17.3139156
102,-50.352275341087505,-49.05962305609183,mar del plata,ar,59.47,82.0,100.0,5.82,13.018990800000001
103,103.81612361263886,18.001515603811058,seka,th,93.99,44.0,5.0,8.41,18.8126654
105,-27.249317961314222,35.67622245021936,ponta delgada,pt,60.8,67.0,75.0,13.87,31.0263578
106,131.502799468462,0.8881783249860553,sorong,id,85.12,84.0,56.0,4.09,9.1490846
107,65.85642972081868,63.88460139706525,andra,ru,28.78,93.0,100.0,13.18,29.4828692
110,85.94698518017896,-85.05756565218044,busselton,au,90.07,13.0,36.0,14.47,32.3685218
111,153.82661786778385,54.90025329608738,sobolevo,ru,41.92,93.0,98.0,2.91,6.5094954000000005
113,-35.741343067400535,4.638576652131254,itarema,br,74.86,94.0,99.0,3.22,7.202946800000001
115,-19.233060422700653,7.89144662889103,bubaque,gw,80.44,59.0,88.0,5.48,12.258431200000002
116,161.51581092443996,-9.49428279530128,kirakira,sb,78.82,86.0,100.0,7.09,15.8599046
117,-9.363292048195259,10.431121566799762,kankan,gn,71.44,47.0,51.0,5.26,11.766304400000001
118,133.985387259494,-4.199243317696522,nabire,id,82.6,80.0,79.0,4.45,9.954383000000002
119,98.9457974653529,52.027411903773476,orlik,ru,17.26,65.0,100.0,14.74,32.9724956
120,-74.78247015700015,38.24923404518782,georgetown,us,63.34,100.0,1.0,5.82,13.018990800000001
121,72.99473391046727,26.707524270803862,jodhpur,in,75.94,21.0,50.0,21.34,47.7362996
122,-13.457179651167284,20.983770458810046,atar,mr,68.2,12.0,0.0,15.84,35.4331296
125,-66.91691302019606,42.66468519734937,yarmouth,ca,35.33,93.0,90.0,13.87,31.0263578
126,26.9315521341144,29.621030208059075,marsa matruh,eg,48.2,81.0,16.0,4.7,10.513618000000001
128,57.70457873601538,76.05086373622586,belushya guba,ru,,,,,
130,34.342692513824666,-12.127196274435171,nkhata bay,mw,77.74,83.0,100.0,19.17,42.882139800000004
131,-106.85220151211566,-9.261800836952371,puerto ayora,ec,78.01,100.0,0.0,7.85,17.559979000000002
132,116.11656244258756,-21.212619196003946,karratha,au,86.2,64.0,0.0,9.37,20.9601278
133,-124.57078370848342,40.70211424334328,eureka,us,42.78,81.0,1.0,3.36,7.5161184
134,24.534599003042533,-73.48268896542062,bredasdorp,za,66.54,77.0,87.0,6.93,15.5019942
135,-164.67167220699537,-31.539519302131737,avarua,ck,77.0,88.0,100.0,3.36,7.5161184
136,-137.12352495851795,60.04250704089672,haines junction,ca,8.08,99.0,63.0,0.78,1.7448132000000003
137,177.6688986614287,-35.163460552827196,whitianga,nz,68.0,78.0,38.0,5.99,13.399270600000001
138,93.11519135331923,48.38438100838628,ulaangom,mn,6.64,87.0,69.0,3.96,8.8582824
139,-62.483749802140395,82.51852685818454,narsaq,gl,23.0,67.0,100.0,2.64,5.905521600000001
141,-78.80407012544524,46.114014308239504,mattawa,ca,40.91,100.0,90.0,9.17,20.512739800000002
142,-42.45045027248571,45.78402726213603,torbay,ca,7.68,60.0,20.0,19.46,43.53085240000001
143,-174.5386518493404,46.4689632418443,provideniya,ru,-4.0,76.0,40.0,3.29,7.3595326000000005
144,96.2630026400374,5.065758770506035,sigli,id,82.96,78.0,85.0,13.65,30.534231000000002
147,128.17381984892432,-54.92940472273177,mount gambier,au,77.0,27.0,0.0,8.05,18.007367000000002
149,-116.84452838642376,49.350930335803056,creston,ca,28.4,79.0,1.0,2.55,5.704197
152,-14.418860434719495,-63.22109838207957,cape town,za,64.4,77.0,100.0,5.82,13.018990800000001
154,112.6982343310561,26.48050600004893,leiyang,cn,62.98,49.0,34.0,5.86,13.108468400000001
155,29.244434208343307,81.94870078250659,mehamn,no,35.6,89.0,75.0,16.11,36.0371034
157,162.08632658265796,76.08430186542651,cherskiy,ru,-8.12,94.0,100.0,7.52,16.8217888
158,115.51447683707082,-32.94287091785162,australind,au,89.01,15.0,36.0,14.47,32.3685218
159,-7.899885431326736,61.258919065843074,sorvag,fo,,,,,
161,167.4765551174296,-66.88025748899418,bluff,nz,53.01,80.0,100.0,8.99,20.110090600000003
163,-52.461541912619694,64.80614735662326,maniitsoq,gl,21.22,60.0,98.0,12.19,27.2682986
164,-82.80908502996684,7.28978728935592,burica,pa,,,,,
165,43.51651652026016,15.91060097681628,bajil,ye,78.28,58.0,89.0,3.96,8.8582824
166,171.95967606971726,-35.9880534424525,ahipara,nz,70.0,80.0,97.0,17.18,38.4306292
167,-8.217818857003678,-31.08528406895914,jamestown,sh,74.68,74.0,20.0,13.24,29.617085600000003
168,57.94596745708429,-11.087646654313065,victoria,sc,86.0,70.0,40.0,10.29,23.0181126
171,132.57188304902797,-41.709501367235255,port lincoln,au,74.68,44.0,0.0,8.95,20.020613
173,48.469401673343285,-16.54507537443315,andilamena,mg,74.86,73.0,40.0,11.81,26.418261400000002
176,59.89158117274338,13.173396593348052,salalah,om,80.6,24.0,5.0,5.82,13.018990800000001
177,-13.922639376900259,17.508921569651214,bababe,mr,,,,,
178,163.65246709429363,-20.799523106667294,koumac,nc,80.26,72.0,70.0,3.09,6.9121446
179,96.52088262735441,85.52576263206964,khatanga,ru,-19.82,93.0,0.0,4.41,9.864905400000001
183,80.86121007829885,55.367897819049105,chulym,ru,12.94,89.0,72.0,11.23,25.120836200000003
184,122.33732864957719,47.682190377901655,zalantun,cn,23.2,80.0,99.0,3.51,7.8516594
190,76.6013425576878,19.754861476878137,jintur,in,89.62,34.0,0.0,9.04,20.2219376
192,133.4512981059772,64.33324353271762,churapcha,ru,6.46,91.0,100.0,12.15,27.178821000000003
195,177.59268767171724,-25.70886895434138,kaeo,nz,69.39,80.0,86.0,14.45,32.323783
198,-61.37448945606017,1.153380762631906,boa vista,br,80.6,57.0,13.0,11.41,25.523485400000002
199,119.36291114603057,30.00527062532988,fuyang,cn,57.4,50.0,37.0,7.07,15.8151658
200,32.30595024684526,-22.438351977174342,chiredzi,zw,73.78,72.0,0.0,4.18,9.3504092
205,32.399005783350646,57.73795421781048,demyansk,ru,37.6,92.0,94.0,3.47,7.762181800000001
206,-73.50585683200197,6.044478437226408,santana,co,59.02,97.0,97.0,1.34,2.9974996000000003
208,7.217907691660463,43.24139017564258,antibes,fr,43.03,52.0,24.0,8.05,18.007367000000002
210,-60.523595597434145,-37.42338701129477,olavarria,ar,54.88,71.0,80.0,11.63,26.015612200000003
212,-44.40493184922403,7.603217374110716,saint-georges,gf,70.54,93.0,98.0,3.36,7.5161184
218,11.072947265470457,56.63877744081861,grenaa,dk,40.35,100.0,100.0,9.17,20.512739800000002
219,74.17990046979688,83.3177522039797,dikson,ru,-9.56,88.0,45.0,25.66,57.3998804
220,-10.172550918596478,45.42856048518927,carballo,es,48.78,87.0,90.0,5.82,13.018990800000001
222,36.61669707473292,0.8852238129690049,maralal,ke,72.7,57.0,97.0,10.22,22.861526800000004
223,-108.96004125928398,5.439611845168391,lazaro cardenas,mx,72.88,79.0,19.0,2.64,5.905521600000001
229,123.69492843279801,20.290336740222724,basco,ph,78.46,78.0,74.0,19.26,43.083464400000004
233,-31.291187908801476,62.50404810945803,tasiilaq,gl,17.6,40.0,100.0,22.64,50.644321600000005
234,29.413310387907444,53.24778185968416,zlobin,by,,,,,
235,19.280688706249236,-5.591088505166109,kikwit,cd,71.8,90.0,100.0,0.96,2.1474624
236,-171.11866677161214,-9.580852635392745,saleaula,ws,,,,,
237,-134.18996276978714,58.91720558035537,juneau,us,35.64,93.0,90.0,12.75,28.520985000000003
238,-43.67690590173194,61.26169019165758,nanortalik,gl,22.12,72.0,97.0,10.11,22.6154634
240,139.59982388033308,51.57993028099458,bogorodskoye,ru,37.42,98.0,100.0,3.4,7.605596
243,-148.2146359284564,-6.570820219665863,atuona,pf,81.88,68.0,0.0,16.8,37.580592
245,-44.05157409495848,-2.3413339789930543,sao jose de ribamar,br,75.2,100.0,90.0,5.82,13.018990800000001
246,151.82624099521743,-32.89202064478859,newcastle,au,73.94,56.0,75.0,16.11,36.0371034
248,164.60240805302584,27.24797646836289,sentyabrskiy,ru,,,,,
251,-151.14356581467337,65.24828906255776,college,us,3.24,84.0,90.0,6.93,15.5019942
252,-145.81317594717808,50.275274288311834,kodiak,us,33.8,69.0,20.0,11.41,25.523485400000002
253,62.273779631047944,56.50466910288882,kamensk-uralskiy,ru,31.66,99.0,93.0,5.23,11.699196200000001
255,131.33040568323494,55.3042489095669,stoyba,ru,,,,,
256,51.1297834111456,-12.754720108411277,sambava,mg,86.56,64.0,99.0,2.04,4.563357600000001
257,16.424939913826762,-2.6968513767402835,bolobo,cd,75.94,85.0,100.0,0.85,1.901399
258,16.882455679707743,52.57914990286871,oborniki,pl,36.68,100.0,20.0,9.17,20.512739800000002
259,168.99812705705958,-13.220618813681295,sola,vu,85.84,72.0,100.0,8.72,19.506116800000004
260,30.360353601852385,64.81595169083731,kostomuksha,ru,34.36,90.0,100.0,11.99,26.8209106
261,19.134943961351624,10.5030861344504,kyabe,td,83.5,25.0,79.0,3.11,6.956883400000001
262,116.90590651744392,44.37587780811795,mujiayingzi,cn,31.84,24.0,0.0,21.72,48.5863368
263,-151.21807814460112,-19.20133642370213,haapiti,pf,84.11,70.0,90.0,3.36,7.5161184
265,126.99903145105804,-47.04644552349769,esperance,au,75.2,53.0,61.0,11.41,25.523485400000002
266,10.139661377769338,81.43714184928902,barentsburg,sj,,,,,
270,-1.3253824174459083,23.79917803766155,taoudenni,ml,57.58,15.0,83.0,8.21,18.365277400000004
272,-2.137780148054458,-39.516917345957424,saldanha,za,59.0,82.0,100.0,6.93,15.5019942
273,78.76262423888238,56.804366167211306,severnoye,ru,16.0,88.0,91.0,7.9,17.671826000000003
275,161.77431124679956,-28.623504594683546,noumea,nc,88.83,52.0,75.0,5.82,13.018990800000001
276,-95.45867187237545,47.67371735122964,bemidji,us,13.77,72.0,90.0,3.36,7.5161184
277,40.90962869990633,84.49913486016773,tumannyy,ru,,,,,
279,-128.35099931764296,85.57674233740264,tuktoyaktuk,ca,-16.6,75.0,90.0,6.93,15.5019942
280,-26.119733230226892,-5.035676389156151,cabedelo,br,77.0,88.0,40.0,5.5,12.303170000000001
282,-78.78607083506517,8.345865651042638,san miguel,pa,72.7,53.0,25.0,5.21,11.6544574
284,81.55379504317743,64.45956532961287,krasnoselkup,ru,-3.08,94.0,17.0,12.66,28.319660400000004
287,-52.96056846439918,-1.8484138553554574,almeirim,br,72.34,98.0,99.0,3.11,6.956883400000001
289,36.70952395307323,-88.5229993065421,port elizabeth,za,66.2,93.0,75.0,6.93,15.5019942
292,114.31214578189419,40.60814795378419,zhangjiakou,cn,30.76,19.0,32.0,14.43,32.2790442
293,84.89443119178685,69.99234241431542,dudinka,ru,-11.2,63.0,0.0,13.42,30.019734800000002
294,5.658717163014759,-24.600286990003273,henties bay,na,65.32,83.0,0.0,2.01,4.4962494
295,40.96507771933597,-16.426035085409318,angoche,mz,80.08,88.0,23.0,6.33,14.159830200000002
297,-122.89816844613793,54.87994832988886,mackenzie,ca,30.2,50.0,90.0,10.29,23.0181126
299,-135.83698910917846,69.04681937526695,aklavik,ca,-14.8,75.0,90.0,5.82,13.018990800000001
300,62.242029216403274,-79.4493284010398,taolanaro,mg,,,,,
301,-0.65186791482712,22.6094550484513,tessalit,ml,58.48,15.0,74.0,9.55,21.362777000000005
302,8.92657598328288,3.556622129462861,riaba,gq,,,,,
303,156.4948701157794,-20.189515773402356,bundaberg,au,75.2,78.0,40.0,26.4,59.055216
304,48.41454611080016,2.9710637942608975,hobyo,so,82.42,58.0,59.0,18.95,42.390013
305,112.45687616996423,4.639986180613032,miri,my,82.26,88.0,75.0,6.93,15.5019942
309,47.74953349800695,58.975750617494036,darovskoy,ru,34.54,98.0,83.0,7.18,16.0612292
311,-171.53728944831823,70.96728711016695,lavrentiya,ru,-12.8,98.0,27.0,5.68,12.7058192
318,109.85393672628885,13.882760401749017,qui nhon,vn,92.86,53.0,0.0,10.29,23.0181126
320,37.2384467917932,59.366492174344984,kaduy,ru,33.8,100.0,90.0,1.7,3.802798
321,-87.21416234422165,35.8660159630653,dickson,us,61.79,72.0,75.0,17.22,38.5201068
322,-75.51717001279647,63.745214483827475,iqaluit,ca,-23.42,67.0,5.0,14.99,33.5317306
326,-47.27601452942623,75.92962154856356,ilulissat,gl,12.2,61.0,60.0,21.92,49.03372480000001
327,-105.0619896498926,47.41285430296368,glendive,us,27.64,100.0,75.0,1.68,3.7580592
328,20.141561811464715,72.37279870827483,skjervoy,no,32.0,92.0,90.0,27.51,61.53821940000001
329,149.52203468656043,-80.92704300974009,hobart,au,64.36,55.0,20.0,17.22,38.5201068
330,-72.13639099886005,-2.3961446830713107,iquitos,pe,75.2,100.0,90.0,4.7,10.513618000000001
331,-1.966208917466572,2.7022230101998,axim,gh,77.74,92.0,100.0,2.77,6.1963238
332,-106.61031296094738,53.17956182260398,shellbrook,ca,-4.0,83.0,20.0,2.24,5.010745600000001
333,135.2660404992831,35.100276446354925,sasayama,jp,58.6,93.0,75.0,10.29,23.0181126
334,138.5944933990319,71.9423904817981,nizhneyansk,ru,,,,,
335,170.57249088945306,82.84849784713451,pevek,ru,-15.5,97.0,98.0,5.86,13.108468400000001
336,-34.232055222202206,-41.24808372664534,laguna,br,64.42,82.0,0.0,2.26,5.0554844
337,-25.281751653998953,-12.546493060955022,sao jose da coroa grande,br,80.98,76.0,93.0,7.23,16.1730762
338,-164.97397262549788,52.49926530864776,bethel,us,52.03,28.0,1.0,9.17,20.512739800000002
340,-125.213943925728,66.67565201604097,norman wells,ca,-14.8,75.0,75.0,3.36,7.5161184
342,125.46112052654796,0.15419054846241842,tondano,id,87.8,62.0,40.0,11.41,25.523485400000002
343,12.96193396811487,63.03703994312483,snasa,no,33.8,96.0,40.0,1.12,2.5053728000000004
350,147.10205702341167,-27.121055990827468,roma,au,77.2,61.0,92.0,11.21,25.076097400000002
352,103.2288615750139,-15.329870490636177,palabuhanratu,id,,,,,
353,90.73673764288858,48.901670010871925,mugur-aksy,ru,18.34,64.0,51.0,7.92,17.7165648
355,83.35201051457355,-37.22194654830717,bambous virieux,mu,77.95,94.0,75.0,16.11,36.0371034
356,134.00926271861005,6.072787842392813,kloulklubed,pw,84.2,70.0,75.0,12.75,28.520985000000003
360,66.22730931488275,18.532845925657572,porbandar,in,80.6,57.0,20.0,9.17,20.512739800000002
362,148.9067464412899,37.0672594016472,nemuro,jp,39.2,93.0,75.0,10.29,23.0181126
363,-88.79605998253041,0.5970017473736045,san cristobal,ec,79.72,83.0,1.0,12.03,26.9103882
364,-1.6703208850457951,76.67333274248932,klaksvik,fo,41.0,80.0,100.0,17.22,38.5201068
365,-5.452208375675016,7.016197416216152,yamoussoukro,ci,75.11,94.0,75.0,9.17,20.512739800000002
366,123.26979691621311,54.346362944898374,takhtamygda,ru,17.08,83.0,98.0,3.36,7.5161184
367,177.82554642835933,-54.27614667689626,dunedin,nz,53.49,88.0,100.0,1.01,2.2593094000000002
368,39.50553209433541,16.298321551881724,ginda,er,,,,,
369,-31.32034740697993,-20.893534203749663,caravelas,br,80.44,82.0,59.0,13.73,30.713186200000003
370,-88.47695371413343,-20.75783280115123,pisco,pe,72.73,83.0,0.0,5.82,13.018990800000001
372,-131.7590188090175,17.595979396844687,san quintin,mx,58.84,83.0,96.0,5.35,11.967629
374,32.59843869726986,68.9432150170818,murmashi,ru,37.4,69.0,75.0,13.42,30.019734800000002
375,-88.01131996032875,6.913786510024378,nicoya,cr,76.32,58.0,25.0,24.16,54.0444704
379,-125.98519613811763,17.72239928863818,guerrero negro,mx,65.86,49.0,90.0,7.31,16.3520314
380,73.80370579171311,20.83976564469524,ahwa,in,80.44,47.0,24.0,11.07,24.7629258
381,-13.134199699360604,39.712327223682685,peniche,pt,48.65,87.0,40.0,3.36,7.5161184
383,137.8688385832371,-5.890352291151746,kiunga,pg,92.5,48.0,79.0,7.29,16.3072926
385,161.01174929198712,-36.574414648898134,port macquarie,au,66.99,93.0,75.0,9.17,20.512739800000002
386,124.68212860621979,25.991864277624266,hirara,jp,66.2,82.0,75.0,11.41,25.523485400000002
388,170.10571751480668,-7.7593608693105605,lata,sb,,,,,
394,-31.30331001798641,-44.73790508351575,cidreira,br,75.04,79.0,0.0,11.12,24.8747728
396,20.34090689756429,67.42634979232221,kiruna,se,33.8,69.0,18.0,13.87,31.0263578
397,151.32530543783037,-28.1980821725492,warwick,au,64.0,84.0,56.0,11.92,26.664324800000003
401,-80.77655628747729,20.14574408210147,bodden town,ky,77.41,79.0,0.0,20.0,44.738800000000005
405,-157.01546562471194,-0.242048042422649,faanui,pf,83.14,75.0,94.0,10.0,22.369400000000002
406,-82.82929594958135,14.252788726954401,puerto cabezas,ni,71.98,96.0,1.0,4.38,9.7977972
407,23.626656424162483,42.09798970196267,jakoruda,bg,,,,,
408,108.11595281781592,17.013375248126906,hue,vn,86.0,74.0,40.0,10.29,23.0181126
409,74.21728713322476,59.1980621007883,lokosovo,ru,22.84,90.0,44.0,10.36,23.1746984
410,179.89514388045401,58.470342180063426,beringovskiy,ru,0.52,99.0,97.0,1.52,3.4001488
418,114.99274272705942,63.399730354375215,almaznyy,ru,39.2,93.0,90.0,17.9,40.041226
423,95.55206959282134,46.57975348105633,erzin,ru,14.56,86.0,100.0,4.81,10.7596814
428,45.42289339465129,29.39606657947963,doha,kw,,,,,
432,-120.25671772749216,61.37212331966132,fort nelson,ca,32.0,84.0,20.0,2.24,5.010745600000001
433,51.182045309476564,34.3951801172386,qom,ir,55.78,19.0,0.0,1.59,3.5567346000000004
434,-54.04254074514263,36.38120682504585,saint-pierre,pm,16.54,69.0,60.0,15.46,34.583092400000005
438,-17.673221505602733,57.03031523564962,vestmannaeyjar,is,33.28,63.0,100.0,15.05,33.665947
440,-17.202560764295537,19.566705370018912,nouadhibou,mr,70.72,42.0,0.0,17.81,39.8399014
442,36.93441997692288,-32.99546192913575,richards bay,za,74.5,80.0,0.0,5.91,13.2203154
443,23.649279902042352,46.4087748947353,livezile,ro,39.0,91.0,99.0,2.53,5.6594581999999996
445,-125.18836122504007,42.556018588280345,coos bay,us,41.02,93.0,1.0,3.06,6.845036400000001
448,-17.59350077600901,27.18797628193975,adeje,es,63.21,63.0,0.0,3.36,7.5161184
452,75.02124599041034,71.8082699771854,tazovskiy,ru,1.42,95.0,81.0,19.04,42.5913376
454,-105.558462736751,3.6088145220253276,acapulco,mx,78.8,78.0,40.0,3.11,6.956883400000001
457,-29.12257814209798,56.28739791633496,grindavik,is,30.2,63.0,100.0,20.8,46.528352000000005
458,-68.32335131390208,-17.807374321136482,patacamaya,bo,42.1,89.0,30.0,2.28,5.1002232
461,147.59997682821967,-22.901943565503004,emerald,au,83.61,58.0,90.0,11.41,25.523485400000002
463,165.3427288819291,-44.94461947170401,te anau,nz,50.38,85.0,95.0,6.6,14.763804
466,-6.987840321855021,37.87178816931546,valverde del camino,es,55.0,58.0,1.0,1.99,4.451510600000001
475,39.732135541290894,24.42110082922725,umm lajj,sa,82.42,14.0,0.0,2.17,4.854159800000001
478,22.75605832734009,48.3557273572223,mukacheve,ua,35.22,92.0,95.0,3.87,8.6569578
479,127.23876123340368,-20.742952589140984,kununurra,au,98.6,25.0,0.0,6.93,15.5019942
481,131.60653855385206,-23.822146151021318,yulara,au,98.6,11.0,0.0,8.05,18.007367000000002
482,163.50106652127388,-46.64328391607449,tuatapere,nz,53.01,80.0,100.0,8.99,20.110090600000003
483,129.8539373829471,64.03998118179452,namtsy,ru,12.2,56.0,100.0,6.71,15.009867400000001
484,-104.46997771653339,15.097048609809438,la orilla,mx,72.88,79.0,19.0,2.64,5.905521600000001
486,27.6812062833107,18.275749777618778,marawi,sd,82.42,15.0,0.0,8.93,19.9758742
487,118.59438121432382,61.574289600577636,suntar,ru,-5.78,87.0,94.0,4.5,10.066230000000001
490,18.01001621328688,37.89945739158015,crotone,it,46.6,81.0,40.0,11.74,26.261675600000004
494,92.93943947622465,64.55707920012193,severo-yeniseyskiy,ru,12.58,89.0,100.0,3.83,8.5674802
501,17.121427120560483,-13.569232003812925,kuito,ao,62.62,90.0,100.0,0.49,1.0961006
502,80.52626232509958,41.72066460564897,aksu,cn,45.34,18.0,80.0,4.9,10.961006000000001
505,-108.52292779197703,35.635644700370825,gallup,us,38.23,37.0,1.0,3.36,7.5161184
506,-165.54665425701805,-19.574279998328613,alofi,nu,82.4,83.0,97.0,3.36,7.5161184
507,139.79061550552035,-36.60334600843764,murray bridge,au,84.99,42.0,5.0,5.99,13.399270600000001
508,139.67974434511873,-21.136061695268214,mount isa,au,95.0,23.0,41.0,5.82,13.018990800000001
510,69.05364621075319,11.52859582747835,kavaratti,in,84.2,70.0,20.0,5.82,13.018990800000001
515,167.6661331872801,1.1643103287770518,bairiki,ki,78.8,88.0,90.0,19.46,43.53085240000001
516,141.28338698475955,50.926422358911196,de-kastri,ru,21.4,78.0,19.0,2.93,6.554234200000001
517,-108.49313220302889,33.38314495234586,silver city,us,46.11,70.0,1.0,4.7,10.513618000000001
518,7.8499379443413675,-29.90301895056302,luderitz,na,59.0,93.0,0.0,6.93,15.5019942
519,10.10757707953358,-31.896402460992302,oranjemund,na,63.34,81.0,100.0,5.1,11.408394
523,139.3320801260272,66.24781768056803,deputatskiy,ru,-23.06,93.0,48.0,1.52,3.4001488
524,52.99596812306409,66.00368511403211,shchelyayur,ru,,,,,
525,-155.16092295171907,-29.90990447237387,avera,pf,,,,,
528,-41.93706473945311,-10.869589363782195,irece,br,68.56,95.0,88.0,6.53,14.607218200000002
531,79.99747108966366,1.7831950826511789,matara,lk,91.96,44.0,13.0,7.61,17.023113400000003
533,106.63647998654311,-4.701790781838255,teluknaga,id,94.46,56.0,40.0,12.75,28.520985000000003
534,-26.08412590848581,61.097858274464,olafsvik,is,29.86,68.0,100.0,27.72,62.0079768
539,-12.227943270401154,52.7023393140761,dingle,ie,51.46,92.0,100.0,27.87,62.34351780000001
541,117.40828731841513,-1.124693699548518,balikpapan,id,84.2,79.0,40.0,3.36,7.5161184
542,22.509292958720483,25.731295269343025,jalu,ly,55.6,68.0,0.0,4.07,9.1043458
545,-28.7052458426464,8.634278098006408,sao filipe,cv,69.82,78.0,0.0,10.83,24.226060200000003
547,99.79486651964982,64.21368814413987,tura,ru,-14.24,76.0,5.0,3.74,8.3661556
548,-54.22529916006844,82.2559271106037,upernavik,gl,-29.18,98.0,45.0,8.48,18.969251200000002
549,129.98999620643735,42.215643646782866,khasan,ru,32.38,97.0,100.0,4.85,10.849159
550,154.1075479236061,-12.539918139422944,samarai,pg,81.88,83.0,100.0,3.27,7.3147938
552,88.4416516351045,59.97739172126414,teguldet,ru,21.04,91.0,97.0,9.35,20.915389
556,-50.571537119128585,-10.694063413006283,formoso do araguaia,br,,,,,
559,124.94382236194792,-5.564836080987479,katobu,id,90.16,56.0,32.0,6.85,15.323039
560,-149.27130940349608,-18.706951401857896,teahupoo,pf,84.13,70.0,90.0,3.36,7.5161184
566,-114.28601211043741,8.971350180667503,san patricio,mx,75.94,75.0,36.0,5.1,11.408394
571,134.79680618896316,27.587092224003097,kushima,jp,64.2,60.0,40.0,27.51,61.53821940000001
572,116.25946820231634,74.23304888989429,saskylakh,ru,-26.3,90.0,0.0,3.56,7.963506400000001
573,110.98121749758224,68.46632601959409,udachnyy,ru,-18.4,68.0,98.0,6.71,15.009867400000001
578,94.35445795996095,21.33421427533998,chauk,mm,89.98,18.0,0.0,4.54,10.155707600000001
580,-11.502244195626488,25.91667334417337,puerto del rosario,es,60.58,93.0,0.0,9.17,20.512739800000002
581,70.0941608015065,63.9515799312827,nadym,ru,27.16,82.0,100.0,20.51,45.87963940000001
582,-35.302316352741144,-50.019226342566455,chuy,uy,66.04,92.0,1.0,7.72,17.2691768
584,-68.42472915446447,-42.50166046833868,san carlos de bariloche,ar,48.2,68.0,24.0,5.82,13.018990800000001
585,-59.83970568933019,12.403125540297887,oistins,bb,77.0,78.0,75.0,17.22,38.5201068
590,-155.56243377807772,86.65245433106476,barrow,us,-22.0,74.0,1.0,4.7,10.513618000000001
592,-2.241711306336369,7.973228460906223,wenchi,gh,75.4,85.0,100.0,3.2,7.158208000000001
597,175.61522945262274,73.71481858138108,leningradskiy,ru,-11.54,87.0,100.0,4.54,10.155707600000001
598,-87.1162547897243,31.641549820479764,selma,us,57.02,54.0,1.0,6.93,15.5019942
599,143.50389348816248,-32.48220924798159,broken hill,au,77.0,69.0,75.0,10.29,23.0181126
603,-44.64445197566729,-17.740974090286286,varzea da palma,br,65.5,95.0,98.0,5.17,11.564979800000001
605,-62.84186664257181,-8.421146524198464,humaita,br,73.42,92.0,49.0,0.96,2.1474624
608,-110.06841879878012,37.0689762310089,cortez,us,32.83,55.0,1.0,6.89,15.4125166
611,-15.71684734752714,38.17124769595953,camacha,pt,60.8,82.0,20.0,9.17,20.512739800000002
612,-85.14833478273425,40.98077965907837,fort wayne,us,53.1,93.0,90.0,12.75,28.520985000000003
614,-50.08640622664595,10.505615850455142,sinnamary,gf,78.82,75.0,86.0,16.51,36.93187940000001
618,150.64199703062548,-26.806434101084907,dalby,au,75.11,73.0,75.0,17.22,38.5201068
619,165.54109108215377,63.21635312977806,kamenskoye,ru,,,,,
621,93.14882946308664,66.63861107566994,svetlogorsk,ru,42.8,93.0,90.0,8.95,20.020613
626,33.779673900693005,23.73262167882312,aswan,eg,60.8,31.0,0.0,6.93,15.5019942
627,47.00488207570703,-18.1272238514822,ankazobe,mg,69.8,77.0,75.0,11.41,25.523485400000002
632,-80.23132672419197,-26.63656595435314,coquimbo,cl,60.8,93.0,90.0,8.68,19.416639200000002
637,5.437187374872021,58.59757214255333,varhaug,no,39.88,86.0,75.0,16.11,36.0371034
642,-12.652307269861618,38.64903689023878,colares,pt,49.17,87.0,1.0,3.36,7.5161184
646,-152.9343289762386,59.7285267637868,homer,us,22.53,79.0,40.0,8.05,18.007367000000002
653,-103.49013611363058,48.57098486443524,williston,us,24.85,100.0,90.0,4.03,9.0148682
655,-53.8678896818747,17.88720914726879,bathsheba,bb,77.0,78.0,75.0,17.22,38.5201068
659,-101.64934093004034,15.175349935439398,san jeronimo,mx,64.27,77.0,75.0,3.36,7.5161184
660,18.17746863130698,-29.78564736594548,springbok,za,66.04,41.0,87.0,4.65,10.401771000000002
661,144.7278323975187,48.738766398222864,poronaysk,ru,23.02,88.0,100.0,5.19,11.6097186
663,-14.530876395225857,56.68317220086493,westport,ie,48.58,98.0,100.0,28.01,62.656689400000005
664,35.58353904231508,63.295420395452965,povenets,ru,34.18,98.0,100.0,9.66,21.608840400000002
665,114.98910115386877,48.721540303713304,nizhniy tsasuchey,ru,26.62,57.0,0.0,7.45,16.665203
669,28.89270719047532,55.15844870691687,disna,by,37.78,90.0,55.0,6.24,13.958505600000002
674,21.922144409232015,68.47732963413638,kautokeino,no,25.54,79.0,50.0,15.23,34.0685962
675,179.51153288041615,-22.109694584974637,isangel,vu,86.0,66.0,40.0,9.17,20.512739800000002
679,-84.29984719575873,22.27592159281332,mantua,cu,74.32,71.0,5.0,18.68,41.786039200000005
680,21.995088239238235,41.03867082907661,promakhoi,gr,,,,,
681,126.33592113175528,13.984803577197303,cabatuan,ph,88.18,54.0,0.0,7.94,17.7613036
687,-53.41485806014805,-9.2552519494572,alta floresta,br,70.54,96.0,98.0,2.33,5.2120702
692,-131.48185229046413,37.015143245989144,fortuna,us,42.67,87.0,1.0,1.39,3.1093466
694,-77.91956597802682,2.0478725005778298,magui,co,,,,,
701,136.48186241592228,24.190337903571802,naze,jp,66.2,77.0,75.0,16.11,36.0371034
702,-7.686497734976472,89.03244988390749,illoqqortoormiut,gl,,,,,
704,51.30037826952536,43.18761757901971,kuryk,kz,47.68,58.0,0.0,26.57,59.435495800000005
706,-26.921382724499487,37.205114217059155,arrifes,pt,60.8,67.0,75.0,13.87,31.0263578
707,-103.4246946805963,40.34280254591639,sterling,us,58.77,47.0,1.0,5.82,13.018990800000001
717,-154.89856527843844,27.426331730604637,kailua,us,70.54,64.0,90.0,13.87,31.0263578
722,12.494764651762669,5.8591733741845005,tibati,cm,63.7,37.0,17.0,1.01,2.2593094000000002
723,5.065856737385754,17.240798442377503,abalak,ne,70.54,9.0,64.0,5.61,12.549233400000002
725,33.036426556634105,38.283638625399576,eskil,tr,50.74,43.0,35.0,24.99,55.9011306
726,145.29824378052282,-10.294814681099274,port moresby,pg,91.4,59.0,40.0,17.22,38.5201068
728,70.33998239472592,50.82735066165719,astana,kz,24.8,79.0,90.0,4.47,9.9991218
732,172.53849782519478,-0.5449767889118662,tabiauea,ki,,,,,
736,-6.713417962087798,36.46884795286568,chipiona,es,55.72,54.0,0.0,8.05,18.007367000000002
742,-140.95074652126382,49.32549109745782,sitka,us,36.43,93.0,90.0,5.82,13.018990800000001
746,-127.983442259564,43.52412841761241,north bend,us,40.93,93.0,1.0,3.06,6.845036400000001
747,127.78840610225248,49.694839688827585,konstantinovka,ru,24.28,70.0,100.0,4.52,10.1109688
751,126.81643938753926,58.68127509354694,tommot,ru,13.84,70.0,100.0,11.95,26.731433
753,139.7209997360767,64.35501174625419,ust-nera,ru,-14.42,93.0,98.0,2.73,6.106846200000001
754,30.1245875304722,65.49700045895658,pyaozerskiy,ru,33.28,85.0,69.0,16.55,37.021357
756,-87.5928567693717,42.47988525272205,zion,us,48.15,87.0,90.0,9.17,20.512739800000002
757,25.018486370302085,4.243175214826211,zemio,cf,77.38,66.0,34.0,7.94,17.7613036
759,-32.933192943304654,-11.373710934914328,maceio,br,73.4,88.0,67.0,4.7,10.513618000000001
761,17.536837623385626,69.61577741232465,moen,no,31.23,97.0,90.0,35.57,79.56795580000001
763,-65.99960611203623,17.695463181483085,arroyo,us,51.91,37.0,90.0,5.82,13.018990800000001
764,-87.28112890267722,50.9956167874167,geraldton,ca,-5.8,83.0,40.0,2.24,5.010745600000001
767,-122.7891059580484,31.488055427400198,lompoc,us,55.27,54.0,1.0,4.7,10.513618000000001
770,141.91126976840772,42.213803559128436,shizunai,jp,41.92,97.0,100.0,6.76,15.1217144
773,88.43779811085793,35.54646188788181,lasa,cn,,,,,
775,-40.43621505374524,-22.715175573092672,sao joao da barra,br,75.22,84.0,0.0,2.66,5.9502604
779,101.83237878480303,51.82502801216818,kyren,ru,18.7,69.0,100.0,5.44,12.168953600000002
780,1.796586345063389,8.966506800694251,bassila,bj,73.96,86.0,27.0,0.54,1.2079476000000002
782,-82.48344058663398,45.79093754304279,little current,ca,41.59,100.0,90.0,3.36,7.5161184
786,107.7319126797591,6.502095357450144,bac lieu,vn,101.5,29.0,0.0,7.85,17.559979000000002
788,87.84328744385148,25.464569064744737,raghunathpur,in,89.01,35.0,0.0,6.87,15.3677778
790,-55.584487174365634,-13.886187954259677,diamantino,br,71.08,89.0,98.0,1.88,4.2054472
793,8.211655779291792,38.87872877098021,carbonia,it,45.3,93.0,0.0,10.29,23.0181126
794,124.2362563985391,68.7810112829027,zhigansk,ru,-16.94,91.0,100.0,16.93,37.871394200000005
795,-116.41302286031274,22.7122527960223,constitucion,mx,62.01,46.0,90.0,5.77,12.9071438
802,-53.326530907541446,67.67020276285153,kangaatsiaq,gl,8.26,93.0,100.0,16.91,37.8266554
803,-86.64821585633375,6.580035188223976,parrita,cr,68.9,60.0,13.0,24.16,54.0444704
806,-4.78197300049521,-0.31669989435846313,tabou,ci,77.92,94.0,100.0,2.51,5.6147194
807,-124.36283754689981,35.328117017289365,pacific grove,us,55.27,54.0,75.0,6.96,15.5691024
808,159.06080583493326,6.942422550962757,namatanai,pg,83.5,78.0,100.0,14.54,32.5251076
822,-7.187206059660345,55.049608950233356,londonderry,gb,45.34,92.0,100.0,9.91,22.168075400000003
823,141.08304927425806,21.717536247403235,shingu,jp,64.4,100.0,75.0,13.87,31.0263578
824,123.88095616195297,42.9645740988042,changtu,cn,36.7,53.0,60.0,12.39,27.7156866
827,144.79787975281909,-5.420651639798102,kundiawa,pg,62.62,94.0,100.0,2.21,4.9436374
837,-67.7611708089126,-44.1557079335491,comodoro rivadavia,ar,53.6,81.0,60.0,4.7,10.513618000000001
838,131.14030985087112,16.378271596589833,alugan,ph,81.16,71.0,78.0,8.55,19.125837000000004
844,-48.2460388766689,-5.8203738133241085,araguatins,br,,,,,
846,-128.27924611018022,59.237254236473404,smithers,ca,32.0,92.0,90.0,11.41,25.523485400000002
847,-80.82094203770941,39.6246135407918,moundsville,us,54.41,28.0,90.0,10.29,23.0181126
849,-101.208501790718,28.503508081976157,zaragoza,mx,67.48,84.0,100.0,8.95,20.020613
852,11.67650894486516,-7.559102452633216,soyo,ao,79.9,85.0,98.0,4.05,9.059607
855,-81.39904225154359,27.310490974966218,sebring,us,62.67,82.0,90.0,3.36,7.5161184
858,84.59857016378226,34.11922635615573,jumla,np,59.0,92.0,0.0,5.46,12.213692400000001
863,118.39152797013351,-31.009792472252208,northam,au,93.92,21.0,63.0,16.11,36.0371034
864,46.61844518198268,8.031160143655969,garowe,so,77.02,47.0,46.0,14.47,32.3685218
868,117.08158942694442,52.868064570925085,bukachacha,ru,19.96,72.0,0.0,6.17,13.8019198
869,145.66229916237404,56.38444784002029,okhotsk,ru,3.22,79.0,48.0,5.61,12.549233400000002
870,107.80849649500819,-3.9755941084759328,manggar,id,82.78,77.0,98.0,7.9,17.671826000000003
872,44.34362030014467,33.8503878974579,balad,iq,72.16,28.0,26.0,8.39,18.767926600000003
874,-97.86953594957247,-41.15404021257253,ancud,cl,50.56,87.0,52.0,4.83,10.804420200000001
875,-53.31727187762587,-2.7581125222802205,prainha,br,71.98,99.0,96.0,2.08,4.6528352
877,-36.04483579225513,14.36346105392442,porto novo,cv,66.2,88.0,20.0,8.05,18.007367000000002
880,-164.3733417528,68.55941389133467,nome,us,-14.21,68.0,1.0,1.34,2.9974996000000003
881,177.0436097107156,-0.8843200243115468,rungata,ki,,,,,
883,-140.73747454132413,65.7990163029712,mayo,ca,21.2,73.0,90.0,9.17,20.512739800000002
894,-106.70597831644622,37.186280738213895,alamosa,us,32.32,51.0,1.0,6.93,15.5019942
897,-14.854707988172677,19.033324243852366,nouakchott,mr,69.8,16.0,0.0,5.82,13.018990800000001
898,37.462942288203685,85.42318581851879,vardo,no,35.6,80.0,75.0,25.28,56.549843200000005
905,51.36617877205498,30.23467742374274,do gonbadan,ir,48.2,70.0,0.0,3.71,8.299047400000001
906,68.3395057448411,76.2867184744869,amderma,ru,,,,,
909,123.15132185070381,10.067409045264187,balogo,ph,85.84,60.0,3.0,5.82,13.018990800000001
912,32.57479054019512,-7.454639895846105,inyonga,tz,70.9,88.0,100.0,0.94,2.1027236
914,148.83425013234486,-21.17602180311198,mackay,au,82.45,74.0,75.0,19.46,43.53085240000001
917,164.2800542202446,-18.099090077153456,poum,nc,82.24,77.0,27.0,16.46,36.8200324
919,-107.49529330341335,23.563629930414642,la cruz,mx,73.6,55.0,100.0,2.17,4.854159800000001
926,-176.24183332720506,6.209180649425927,vaitupu,wf,,,,,
928,16.499138095862563,77.04886700541988,longyearbyen,sj,-11.2,63.0,40.0,6.93,15.5019942
929,83.83391771161912,1.4469185358516379,hambantota,lk,87.8,66.0,40.0,8.05,18.007367000000002
933,8.658683945617195,69.11807641345803,sorland,no,33.8,86.0,75.0,5.82,13.018990800000001
936,-58.176117988643725,-23.070834333156476,puerto pinasco,py,,,,,
940,-109.86271864470814,18.436369034456213,cabo san lucas,mx,71.8,49.0,90.0,6.93,15.5019942
944,-104.41810495125866,37.31127864187337,trinidad,us,40.37,35.0,1.0,10.29,23.0181126
946,158.87172858765223,-0.33712647583653554,kieta,pg,82.78,78.0,96.0,6.55,14.651957000000001
947,96.74897298190801,43.354116275244294,hami,cn,39.4,18.0,0.0,5.41,12.101845400000002
952,55.26351764840947,-14.462721454547045,antalaha,mg,82.6,79.0,78.0,20.2,45.186188
954,-83.20454335708769,-23.463898189487843,marcona,pe,,,,,
956,81.02038909282936,18.92789979390489,gidam,in,88.54,40.0,25.0,4.79,10.7149426
959,126.09542099557005,39.028732068869644,seoul,kr,45.68,81.0,90.0,3.36,7.5161184
963,0.3185701104698069,69.42553624844653,raudeberg,no,40.19,60.0,75.0,14.99,33.5317306
972,94.74954614865044,12.541305919852952,port blair,in,80.8,67.0,32.0,6.58,14.719065200000001
976,24.10406614884122,52.81067486121248,vawkavysk,by,32.0,83.0,90.0,8.95,20.020613
978,112.12688525190295,60.9929304068996,peleduy,ru,6.1,86.0,100.0,4.76,10.6478344
980,59.07824658740333,24.667105289671408,muscat,om,73.4,64.0,40.0,8.05,18.007367000000002
981,113.5091171190749,49.770840775424695,aksha,ru,21.76,70.0,3.0,3.96,8.8582824
986,42.65086312226363,46.97023664092009,zimovniki,ru,43.72,70.0,84.0,15.14,33.8672716
987,128.23532678296016,-59.72491868245321,portland,au,60.82,78.0,0.0,17.45,39.034603000000004
991,-114.79607382862085,54.14720965835013,barrhead,ca,24.8,38.0,1.0,11.41,25.523485400000002
995,34.86952500880223,8.45733248621885,dembi dolo,et,80.26,41.0,35.0,2.21,4.9436374
997,12.82216102567082,49.50047701074,domazlice,cz,34.02,91.0,75.0,4.7,10.513618000000001
1010,42.91926342218837,28.125234182664695,buraydah,sa,55.4,58.0,20.0,2.24,5.010745600000001
1012,48.86659183964264,29.089972450068668,bayan,kw,64.4,42.0,35.0,3.36,7.5161184
1016,156.48875268461674,30.85184041869885,hasaki,jp,62.58,93.0,75.0,9.17,20.512739800000002
1022,-93.18295947354208,20.33390963891072,paraiso,mx,75.94,80.0,18.0,21.63,48.3850122
1025,-75.48039010090358,-0.4629252425502606,puerto leguizamo,co,73.6,91.0,37.0,1.9,4.250186
1026,-74.44524147347539,72.19246948294376,clyde river,ca,-29.2,73.0,1.0,4.83,10.804420200000001
1027,118.92695423414656,18.718131544546058,davila,ph,86.0,74.0,20.0,8.05,18.007367000000002
1028,30.999122067762364,59.66122428752584,mga,ru,35.37,88.0,40.0,4.47,9.9991218
1029,-120.9528856685258,39.924828407822154,susanville,us,31.46,81.0,75.0,4.7,10.513618000000001
1033,8.923112710405313,56.596773142235804,skive,dk,41.02,93.0,100.0,10.29,23.0181126
1038,-18.458801546601023,64.1841886737599,akureyri,is,30.2,74.0,90.0,11.41,25.523485400000002
1044,66.25910236626294,34.526315372465746,panjab,af,20.86,90.0,100.0,4.68,10.4688792
1047,127.78521513505454,9.539285053799807,bacolod,ph,85.84,60.0,30.0,9.13,20.423262200000003
1050,23.71746859454802,50.742746265456326,hrubieszow,pl,36.52,81.0,48.0,3.36,7.5161184
1053,139.60076329226422,-13.43727880718002,nhulunbuy,au,77.0,94.0,75.0,8.05,18.007367000000002
1057,31.991453455530362,-18.684003066069877,rusape,zw,65.5,76.0,29.0,3.94,8.813543600000001
1063,31.412009234657056,-23.746204220322987,phalaborwa,za,73.42,71.0,0.0,3.0,6.71082
1068,-149.85937591003665,-16.898403037951127,papetoai,pf,84.11,70.0,90.0,3.36,7.5161184
1070,119.87874192193264,10.548948390296065,osmena,ph,82.24,75.0,0.0,9.01,20.1548294
1071,147.74124302531416,-13.750321924678111,cairns,au,77.07,94.0,75.0,2.24,5.010745600000001
1080,112.61996992017684,-1.584563374651271,sampit,id,96.82,39.0,20.0,4.29,9.5964726
1083,32.70678479180689,51.26076843551019,bakhmach,ua,46.78,93.0,46.0,8.16,18.253430400000003
1084,5.580354103962093,65.0355193784306,bud,no,32.76,66.0,40.0,4.7,10.513618000000001
1088,99.63861301289339,20.091443432324173,mae chan,th,84.2,42.0,0.0,5.82,13.018990800000001
1089,-74.21482055482342,19.952921359017704,baracoa,cu,75.04,75.0,88.0,20.89,46.729676600000005
1091,-0.8189099574142933,2.290093257549819,takoradi,gh,77.74,92.0,100.0,2.77,6.1963238
1095,113.02335867730211,46.813412118749,baruun-urt,mn,19.06,71.0,0.0,11.72,26.216936800000003
1096,144.04435879751423,-8.426078668370963,daru,pg,85.84,83.0,38.0,5.32,11.9005208
1097,25.752481659154537,5.5365716801392235,obo,cf,77.56,59.0,72.0,7.9,17.671826000000003
1106,-78.95685598065808,33.415923343178214,socastee,us,54.57,87.0,1.0,5.82,13.018990800000001
1111,169.22819907954627,-41.12366575756006,hokitika,nz,63.7,71.0,0.0,3.29,7.3595326000000005
1112,115.7426207904815,51.946767511896006,pervomayskiy,ru,48.58,78.0,100.0,14.16,31.675070400000003
1113,32.66901243857825,-13.932807172422967,chadiza,zm,67.84,85.0,70.0,4.18,9.3504092
1116,-72.29451458938046,51.356843071171575,dolbeau,ca,,,,,
1123,64.35735108831719,18.289290722773043,dwarka,in,73.6,72.0,0.0,13.51,30.2210594
1128,25.832762487838078,9.3684788400631,raga,sd,,,,,
1129,93.17960444471744,15.231457835228246,labutta,mm,,,,,
1131,37.43343714870522,22.730221010979733,jiddah,sa,,,,,
1132,57.97784297827653,45.615364732907715,beyneu,kz,43.72,52.0,36.0,12.06,26.977496400000003
1133,-44.28682994562927,12.31759413917678,cayenne,gf,78.8,74.0,75.0,8.05,18.007367000000002
1135,30.74998853491435,73.11873559581491,batsfjord,no,35.6,80.0,75.0,25.28,56.549843200000005
1138,-84.34548652865374,26.687872894589372,bayshore gardens,us,65.62,77.0,90.0,8.05,18.007367000000002
1151,98.70706836719914,45.835134716067536,hovd,mn,35.8,26.0,75.0,0.87,1.9461378
1155,7.818028993144854,-5.330320346799933,mayumba,ga,82.24,82.0,100.0,6.13,13.7124422
1156,-112.43143382579395,27.125423435545038,santa rosalia,mx,67.84,49.0,100.0,1.48,3.3106712000000003
1160,-62.00142732223761,-34.20097259558435,venado tuerto,ar,66.99,98.0,86.0,10.07,22.5259858
1164,-71.42109858150414,3.70792387237191,puerto gaitan,co,81.7,48.0,74.0,3.76,8.4108944
1168,-95.99759938599492,51.575300308052896,lac du bonnet,ca,9.0,86.0,13.0,5.01,11.2070694
1169,9.40918582251642,-15.193489307616959,namibe,ao,77.38,85.0,40.0,2.57,5.7489358
1171,84.088426567811,24.652052150481286,nabinagar,in,83.86,17.0,0.0,6.15,13.757181000000001
1176,175.94950646899596,-6.090053110562832,lolua,tv,,,,,
1181,171.89812152460505,-45.19993099711453,pareora,nz,55.99,94.0,100.0,14.0,31.31716
1186,-22.449208738082717,28.43921792124847,los llanos de aridane,es,64.67,59.0,0.0,9.17,20.512739800000002
1196,-113.98282371609194,28.78274090158034,san luis,mx,59.92,55.0,92.0,2.93,6.554234200000001
1197,36.44468480344483,43.83076576856889,taman,ru,62.38,33.0,97.0,22.37,50.040347800000006
1199,113.0818344440834,-6.030829579036901,bangkalan,id,86.74,73.0,55.0,6.02,13.4663788
